RPLateu,step,train_loss_step,epoch,val_loss,val_acc,val_eer,val_threshold
0.0001,0,,,,,,
,49,5.278482913970947,0,,,,
,99,4.94460391998291,0,,,,
,149,4.944281101226807,0,,,,
,199,4.9441752433776855,0,,,,
,249,4.944100379943848,0,,,,
,299,4.944062232971191,0,,,,
,349,4.944028377532959,0,,,,
,399,4.944008827209473,0,,,,
,449,4.943993091583252,0,,,,
,499,4.943974494934082,0,,,,
,549,4.943968772888184,0,,,,
,599,4.9439568519592285,0,,,,
,649,4.943948745727539,0,,,,
,699,4.943938732147217,0,,,,
,749,4.943935394287109,0,,,,
,799,4.943930625915527,0,,,,
,849,4.943923473358154,0,,,,
,899,4.943920135498047,0,,,,
,949,4.943915843963623,0,,,,
,999,4.943913459777832,0,,,,
,1049,4.943910121917725,0,,,,
,1099,4.943907737731934,0,,,,
,1149,4.943905830383301,0,,,,
,1199,4.943903923034668,0,,,,
,1249,4.943902015686035,0,,,,
,1299,4.9439005851745605,0,,,,
,1349,4.9438982009887695,0,,,,
,1399,4.943897724151611,0,,,,
,1449,4.943896293640137,0,,,,
,1499,4.943896293640137,0,,,,
,1549,4.943892955780029,0,,,,
,1599,4.9438934326171875,0,,,,
,1649,4.943891525268555,0,,,,
,1699,4.943890571594238,0,,,,
,1749,4.94389009475708,0,,,,
,1799,4.9438886642456055,0,,,,
,1849,4.9438886642456055,0,,,,
,1899,4.943887710571289,0,,,,
,1949,4.943886756896973,0,,,,
,1999,4.943886756896973,0,,,,
,2049,4.943885803222656,0,,,,
,2099,4.943885803222656,0,,,,
,2149,4.94388484954834,0,,,,
,2199,4.943884372711182,0,,,,
,2249,4.943883895874023,0,,,,
,2299,4.943882942199707,0,,,,
,2349,4.943882942199707,0,,,,
,2399,4.943882942199707,0,,,,
,2449,4.943881988525391,0,,,,
,2499,4.943881988525391,0,,,,
,2549,4.943881988525391,0,,,,
,2599,4.943881034851074,0,,,,
,2649,4.943880558013916,0,,,,
,2699,4.943881034851074,0,,,,
,2749,4.943880081176758,0,,,,
,2799,4.943880081176758,0,,,,
,2849,4.943880081176758,0,,,,
,2899,4.943880081176758,0,,,,
,2949,4.9438796043396,0,,,,
,2999,4.943879127502441,0,,,,
,3049,4.943879127502441,0,,,,
,3099,4.943878650665283,0,,,,
,3149,4.943879127502441,0,,,,
,3199,4.943878173828125,0,,,,
,3249,4.943878173828125,0,,,,
,3299,4.943878173828125,0,,,,
,3349,4.943878173828125,0,,,,
,3399,4.943877696990967,0,,,,
,3449,4.943877696990967,0,,,,
,3499,4.943877220153809,0,,,,
,3549,4.943877220153809,0,,,,
,3599,4.943877220153809,0,,,,
,3649,4.943877220153809,0,,,,
,3699,4.943877220153809,0,,,,
,3749,4.943877220153809,0,,,,
,3799,4.943877220153809,0,,,,
,3849,4.94387674331665,0,,,,
,3899,4.943876266479492,0,,,,
,3949,4.943876266479492,0,,,,
,3999,4.943876266479492,0,,,,
,4049,4.943876266479492,0,,,,
,4099,4.943876266479492,0,,,,
,4149,4.943875789642334,0,,,,
,4199,4.943875789642334,0,,,,
,4249,4.943875789642334,0,,,,
,4299,4.943875789642334,0,,,,
,4349,4.943875789642334,0,,,,
,4399,4.943876266479492,0,,,,
,4449,4.943876266479492,0,,,,
,4499,4.943875312805176,0,,,,
,4549,4.943875312805176,0,,,,
,4599,4.943875312805176,0,,,,
,4649,4.943875312805176,0,,,,
,4699,4.943875312805176,0,,,,
,4749,4.943875312805176,0,,,,
,4799,4.943875312805176,0,,,,
,4849,4.943875312805176,0,,,,
,4899,4.943875312805176,0,,,,
,4949,4.943875312805176,0,,,,
,4999,4.943874835968018,0,,,,
,5049,4.943874835968018,0,,,,
,5099,4.943874835968018,0,,,,
,5149,4.943875312805176,0,,,,
,5199,4.943875312805176,0,,,,
,5249,4.943874835968018,0,,,,
,5299,4.943875312805176,0,,,,
,5349,4.943874835968018,0,,,,
,5399,4.943874835968018,0,,,,
,5449,4.943874835968018,0,,,,
,5499,4.943874359130859,0,,,,
,5549,4.943874359130859,0,,,,
,5599,4.943874359130859,0,,,,
,5649,4.943874359130859,0,,,,
,5699,4.943874359130859,0,,,,
,5749,4.943874359130859,0,,,,
,5799,4.943874359130859,0,,,,
,5849,4.943874359130859,0,,,,
,5899,4.943874359130859,0,,,,
,5949,4.943874359130859,0,,,,
,5999,4.943874359130859,0,,,,
,6049,4.943874359130859,0,,,,
,6099,4.943874359130859,0,,,,
,6149,4.943874359130859,0,,,,
,6199,4.943874359130859,0,,,,
,6249,4.943874359130859,0,,,,
,6299,4.943874359130859,0,,,,
,6349,4.943874359130859,0,,,,
,6399,4.943874359130859,0,,,,
,6449,4.943874359130859,0,,,,
,6499,4.943874359130859,0,,,,
,6549,4.943874359130859,0,,,,
,6599,4.943874359130859,0,,,,
,6649,4.943873882293701,0,,,,
,6699,4.943873882293701,0,,,,
,6749,4.943873882293701,0,,,,
,6799,4.943873882293701,0,,,,
,6849,4.943873882293701,0,,,,
,6899,4.943873882293701,0,,,,
,6949,4.943873882293701,0,,,,
,6999,4.943873882293701,0,,,,
,7049,4.943873882293701,0,,,,
,7099,4.943873882293701,0,,,,
,7149,4.943873882293701,0,,,,
,7199,4.943873882293701,0,,,,
,7249,4.943873882293701,0,,,,
,7299,4.943873882293701,0,,,,
,7349,4.943873882293701,0,,,,
,7399,4.943873882293701,0,,,,
,7449,4.943873882293701,0,,,,
,7499,4.943873882293701,0,,,,
,7549,4.943873882293701,0,,,,
,7599,4.943873882293701,0,,,,
,7649,4.943873882293701,0,,,,
,7699,4.943873882293701,0,,,,
,7749,4.943873882293701,0,,,,
,7799,4.943873405456543,0,,,,
,7849,4.943873405456543,0,,,,
,7899,4.943873405456543,0,,,,
,7937,,0,5.090349197387695,0.854282796382904,0.8542827808741567,0.8542827808741567
0.0001,7938,,,,,,
,7949,4.943873405456543,1,,,,
,7999,4.943873405456543,1,,,,
,8049,4.943873405456543,1,,,,
,8099,4.943873405456543,1,,,,
,8149,4.943873405456543,1,,,,
,8199,4.943873405456543,1,,,,
,8249,4.943873405456543,1,,,,
,8299,4.943873405456543,1,,,,
,8349,4.943873405456543,1,,,,
,8399,4.943873405456543,1,,,,
,8449,4.943873405456543,1,,,,
,8499,4.943873405456543,1,,,,
,8549,4.943873405456543,1,,,,
,8599,4.943873405456543,1,,,,
,8649,4.943873405456543,1,,,,
,8699,4.943873405456543,1,,,,
,8749,4.943873405456543,1,,,,
,8799,4.943873405456543,1,,,,
,8849,4.943873405456543,1,,,,
,8899,4.943873405456543,1,,,,
,8949,4.943873405456543,1,,,,
,8999,4.943873405456543,1,,,,
,9049,4.943873405456543,1,,,,
,9099,4.943873405456543,1,,,,
,9149,4.943873405456543,1,,,,
,9199,4.943873405456543,1,,,,
,9249,4.943873405456543,1,,,,
,9299,4.943873405456543,1,,,,
,9349,4.943873405456543,1,,,,
,9399,4.943873405456543,1,,,,
,9449,4.943873405456543,1,,,,
,9499,4.943873405456543,1,,,,
,9549,4.943873405456543,1,,,,
,9599,4.943873405456543,1,,,,
,9649,4.943873405456543,1,,,,
,9699,4.943873405456543,1,,,,
,9749,4.943873405456543,1,,,,
,9799,4.943873405456543,1,,,,
,9849,4.943873405456543,1,,,,
,9899,4.943873405456543,1,,,,
,9949,4.943873405456543,1,,,,
,9999,4.943873405456543,1,,,,
,10049,4.943873405456543,1,,,,
,10099,4.943873405456543,1,,,,
,10149,4.943873405456543,1,,,,
,10199,4.943873405456543,1,,,,
,10249,4.943873405456543,1,,,,
,10299,4.943873405456543,1,,,,
,10349,4.943873405456543,1,,,,
,10399,4.943873405456543,1,,,,
,10449,4.943873405456543,1,,,,
,10499,4.943873405456543,1,,,,
,10549,4.943873405456543,1,,,,
,10599,4.943873405456543,1,,,,
,10649,4.943873405456543,1,,,,
,10699,4.943873405456543,1,,,,
,10749,4.943873405456543,1,,,,
,10799,4.943873405456543,1,,,,
,10849,4.943873405456543,1,,,,
,10899,4.943873405456543,1,,,,
,10949,4.943873405456543,1,,,,
,10999,4.943873405456543,1,,,,
,11049,4.943873405456543,1,,,,
,11099,4.943873405456543,1,,,,
,11149,4.943873405456543,1,,,,
,11199,4.943873405456543,1,,,,
,11249,4.943873405456543,1,,,,
,11299,4.943873405456543,1,,,,
,11349,4.943873405456543,1,,,,
,11399,4.943873405456543,1,,,,
,11449,4.943873405456543,1,,,,
,11499,4.943873405456543,1,,,,
,11549,4.943873405456543,1,,,,
,11599,4.943873405456543,1,,,,
,11649,4.943873405456543,1,,,,
,11699,4.943873405456543,1,,,,
,11749,4.943873405456543,1,,,,
,11799,4.943873405456543,1,,,,
,11849,4.943873405456543,1,,,,
,11899,4.943873405456543,1,,,,
,11949,4.943873405456543,1,,,,
,11999,4.943873405456543,1,,,,
,12049,4.943873405456543,1,,,,
,12099,4.943873405456543,1,,,,
,12149,4.943873405456543,1,,,,
,12199,4.943873405456543,1,,,,
,12249,4.943873405456543,1,,,,
,12299,4.943873405456543,1,,,,
,12349,4.943873405456543,1,,,,
,12399,4.943873405456543,1,,,,
,12449,4.943873405456543,1,,,,
,12499,4.943873405456543,1,,,,
,12549,4.943873405456543,1,,,,
,12599,4.943873405456543,1,,,,
,12649,4.943873405456543,1,,,,
,12699,4.943873405456543,1,,,,
,12749,4.943873405456543,1,,,,
,12799,4.943873405456543,1,,,,
,12849,4.943873405456543,1,,,,
,12899,4.943873405456543,1,,,,
,12949,4.943873405456543,1,,,,
,12999,4.943873405456543,1,,,,
,13049,4.943873405456543,1,,,,
,13099,4.943873405456543,1,,,,
,13149,4.943873405456543,1,,,,
,13199,4.943873405456543,1,,,,
,13249,4.943873405456543,1,,,,
,13299,4.943873405456543,1,,,,
,13349,4.943873405456543,1,,,,
,13399,4.943873405456543,1,,,,
,13449,4.943873405456543,1,,,,
,13499,4.943873405456543,1,,,,
,13549,4.943873405456543,1,,,,
,13599,4.943873405456543,1,,,,
,13649,4.943873405456543,1,,,,
,13699,4.943873405456543,1,,,,
,13749,4.943873405456543,1,,,,
,13799,4.943873405456543,1,,,,
,13849,4.943873405456543,1,,,,
,13899,4.943873405456543,1,,,,
,13949,4.943873405456543,1,,,,
,13999,4.943873405456543,1,,,,
,14049,4.943873405456543,1,,,,
,14099,4.943873405456543,1,,,,
,14149,4.943873405456543,1,,,,
,14199,4.943873405456543,1,,,,
,14249,4.943873405456543,1,,,,
,14299,4.943873405456543,1,,,,
,14349,4.943873405456543,1,,,,
,14399,4.943873405456543,1,,,,
,14449,4.943873405456543,1,,,,
,14499,4.943873405456543,1,,,,
,14549,4.943873405456543,1,,,,
,14599,4.943873405456543,1,,,,
,14649,4.943873405456543,1,,,,
,14699,4.943873405456543,1,,,,
,14749,4.943873405456543,1,,,,
,14799,4.943873405456543,1,,,,
,14849,4.943873405456543,1,,,,
,14899,4.943873405456543,1,,,,
,14949,4.943873405456543,1,,,,
,14999,4.943873405456543,1,,,,
,15049,4.943873405456543,1,,,,
,15099,4.943873405456543,1,,,,
,15149,4.943873405456543,1,,,,
,15199,4.943873405456543,1,,,,
,15249,4.943873405456543,1,,,,
,15299,4.943873405456543,1,,,,
,15349,4.943873405456543,1,,,,
,15399,4.943873405456543,1,,,,
,15449,4.943873405456543,1,,,,
,15499,4.943873405456543,1,,,,
,15549,4.943873405456543,1,,,,
,15599,4.943873405456543,1,,,,
,15649,4.943873405456543,1,,,,
,15699,4.943873405456543,1,,,,
,15749,4.943873405456543,1,,,,
,15799,4.943873405456543,1,,,,
,15849,4.943873405456543,1,,,,
,15875,,1,5.021583557128906,0.14571721851825714,1.0,0.0
0.0001,15876,,,,,,
,15899,4.943873405456543,2,,,,
,15949,4.943873405456543,2,,,,
,15999,4.943873405456543,2,,,,
,16049,4.943873405456543,2,,,,
,16099,4.943873405456543,2,,,,
,16149,4.943873405456543,2,,,,
,16199,4.943873405456543,2,,,,
,16249,4.943873405456543,2,,,,
,16299,4.943873405456543,2,,,,
,16349,4.943873405456543,2,,,,
,16399,4.943873405456543,2,,,,
,16449,4.943873405456543,2,,,,
,16499,4.943873405456543,2,,,,
,16549,4.943873405456543,2,,,,
,16599,4.943873405456543,2,,,,
,16649,4.943873405456543,2,,,,
,16699,4.943873405456543,2,,,,
,16749,4.943873405456543,2,,,,
,16799,4.943873405456543,2,,,,
,16849,4.943873405456543,2,,,,
,16899,4.943873405456543,2,,,,
,16949,4.943873405456543,2,,,,
,16999,4.943873405456543,2,,,,
,17049,4.943873405456543,2,,,,
,17099,4.943873405456543,2,,,,
,17149,4.943873405456543,2,,,,
,17199,4.943873405456543,2,,,,
,17249,4.943873405456543,2,,,,
,17299,4.943873405456543,2,,,,
,17349,4.943873405456543,2,,,,
,17399,4.943873405456543,2,,,,
,17449,4.943873405456543,2,,,,
,17499,4.943873405456543,2,,,,
,17549,4.943873405456543,2,,,,
,17599,4.943873405456543,2,,,,
,17649,4.943873405456543,2,,,,
,17699,4.943873405456543,2,,,,
,17749,4.943873405456543,2,,,,
,17799,4.943873405456543,2,,,,
,17849,4.943873405456543,2,,,,
,17899,4.943873405456543,2,,,,
,17949,4.943873405456543,2,,,,
,17999,4.943873405456543,2,,,,
,18049,4.943873405456543,2,,,,
,18099,4.943873405456543,2,,,,
,18149,4.943873405456543,2,,,,
,18199,4.943873405456543,2,,,,
,18249,4.943873405456543,2,,,,
,18299,4.943873405456543,2,,,,
,18349,4.943873405456543,2,,,,
,18399,4.943873405456543,2,,,,
,18449,4.943873405456543,2,,,,
,18499,4.943873405456543,2,,,,
,18549,4.943873405456543,2,,,,
,18599,4.943873405456543,2,,,,
,18649,4.943873405456543,2,,,,
,18699,4.943873405456543,2,,,,
,18749,4.943873405456543,2,,,,
,18799,4.943873405456543,2,,,,
,18849,4.943873405456543,2,,,,
,18899,4.943873405456543,2,,,,
,18949,4.943873405456543,2,,,,
,18999,4.943873405456543,2,,,,
,19049,4.943873405456543,2,,,,
,19099,4.943873405456543,2,,,,
,19149,4.943873405456543,2,,,,
,19199,4.943873405456543,2,,,,
,19249,4.943873405456543,2,,,,
,19299,4.943873405456543,2,,,,
,19349,4.943873405456543,2,,,,
,19399,4.943873405456543,2,,,,
,19449,4.943873405456543,2,,,,
,19499,4.943873405456543,2,,,,
,19549,4.943873405456543,2,,,,
,19599,4.943873405456543,2,,,,
,19649,4.943873405456543,2,,,,
,19699,4.943873405456543,2,,,,
,19749,4.943873405456543,2,,,,
,19799,4.943873405456543,2,,,,
,19849,4.943873405456543,2,,,,
,19899,4.943873405456543,2,,,,
,19949,4.943873405456543,2,,,,
,19999,4.943873405456543,2,,,,
,20049,4.943873405456543,2,,,,
,20099,4.943873405456543,2,,,,
,20149,4.943873405456543,2,,,,
,20199,4.943873405456543,2,,,,
,20249,4.943873405456543,2,,,,
,20299,4.943873405456543,2,,,,
,20349,4.943873405456543,2,,,,
,20399,4.943873405456543,2,,,,
,20449,4.943873405456543,2,,,,
,20499,4.943873405456543,2,,,,
,20549,4.943873405456543,2,,,,
,20599,4.943873405456543,2,,,,
,20649,4.943873405456543,2,,,,
,20699,4.943873405456543,2,,,,
,20749,4.943873405456543,2,,,,
,20799,4.943873405456543,2,,,,
,20849,4.943873405456543,2,,,,
,20899,4.943873405456543,2,,,,
,20949,4.943873405456543,2,,,,
,20999,4.943873405456543,2,,,,
,21049,4.943873405456543,2,,,,
,21099,4.943873405456543,2,,,,
,21149,4.943873405456543,2,,,,
,21199,4.943873405456543,2,,,,
,21249,4.943873405456543,2,,,,
,21299,4.943873405456543,2,,,,
,21349,4.943873405456543,2,,,,
,21399,4.943873405456543,2,,,,
,21449,4.943873405456543,2,,,,
,21499,4.943873405456543,2,,,,
,21549,4.943873405456543,2,,,,
,21599,4.943873405456543,2,,,,
,21649,4.943873405456543,2,,,,
,21699,4.943873405456543,2,,,,
,21749,4.943873405456543,2,,,,
,21799,4.943873405456543,2,,,,
,21849,4.943873405456543,2,,,,
,21899,4.943873405456543,2,,,,
,21949,4.943873405456543,2,,,,
,21999,4.943873405456543,2,,,,
,22049,4.943873405456543,2,,,,
,22099,4.943873405456543,2,,,,
,22149,4.943873405456543,2,,,,
,22199,4.943873405456543,2,,,,
,22249,4.943873405456543,2,,,,
,22299,4.943873405456543,2,,,,
,22349,4.943873405456543,2,,,,
,22399,4.943873405456543,2,,,,
,22449,4.943873405456543,2,,,,
,22499,4.943873405456543,2,,,,
,22549,4.943873405456543,2,,,,
,22599,4.943873405456543,2,,,,
,22649,4.943873405456543,2,,,,
,22699,4.943873405456543,2,,,,
,22749,4.943873405456543,2,,,,
,22799,4.943873405456543,2,,,,
,22849,4.943873405456543,2,,,,
,22899,4.943873405456543,2,,,,
,22949,4.943873405456543,2,,,,
,22999,4.943873405456543,2,,,,
,23049,4.943873405456543,2,,,,
,23099,4.943873405456543,2,,,,
,23149,4.943873405456543,2,,,,
,23199,4.943873405456543,2,,,,
,23249,4.943873405456543,2,,,,
,23299,4.943873405456543,2,,,,
,23349,4.943873405456543,2,,,,
,23399,4.943873405456543,2,,,,
,23449,4.943873405456543,2,,,,
,23499,4.943873405456543,2,,,,
,23549,4.943873405456543,2,,,,
,23599,4.943873405456543,2,,,,
,23649,4.943873405456543,2,,,,
,23699,4.943873405456543,2,,,,
,23749,4.943873405456543,2,,,,
,23799,4.943873405456543,2,,,,
,23813,,2,4.986093044281006,0.14571721851825714,1.0,0.0
0.0001,23814,,,,,,
,23849,4.943873405456543,3,,,,
,23899,4.943873405456543,3,,,,
,23949,4.943873405456543,3,,,,
,23999,4.943873405456543,3,,,,
,24049,4.943873405456543,3,,,,
,24099,4.943873405456543,3,,,,
,24149,4.943873405456543,3,,,,
,24199,4.943873405456543,3,,,,
,24249,4.943873405456543,3,,,,
,24299,4.943873405456543,3,,,,
,24349,4.943873405456543,3,,,,
,24399,4.943873405456543,3,,,,
,24449,4.943873405456543,3,,,,
,24499,4.943873405456543,3,,,,
,24549,4.943873405456543,3,,,,
,24599,4.943873405456543,3,,,,
,24649,4.943873405456543,3,,,,
,24699,4.943873405456543,3,,,,
,24749,4.943873405456543,3,,,,
,24799,4.943873405456543,3,,,,
,24849,4.943873405456543,3,,,,
,24899,4.943873405456543,3,,,,
,24949,4.943873405456543,3,,,,
,24999,4.943873405456543,3,,,,
,25049,4.943873405456543,3,,,,
,25099,4.943873405456543,3,,,,
,25149,4.943873405456543,3,,,,
,25199,4.943873405456543,3,,,,
,25249,4.943873405456543,3,,,,
,25299,4.943873405456543,3,,,,
,25349,4.943873405456543,3,,,,
,25399,4.943873405456543,3,,,,
,25449,4.943873405456543,3,,,,
,25499,4.943873405456543,3,,,,
,25549,4.943873405456543,3,,,,
,25599,4.943873405456543,3,,,,
,25649,4.943873405456543,3,,,,
,25699,4.943873405456543,3,,,,
,25749,4.943873405456543,3,,,,
,25799,4.943873405456543,3,,,,
,25849,4.943873405456543,3,,,,
,25899,4.943873405456543,3,,,,
,25949,4.943873405456543,3,,,,
,25999,4.943873405456543,3,,,,
,26049,4.943873405456543,3,,,,
,26099,4.943873405456543,3,,,,
,26149,4.943873405456543,3,,,,
,26199,4.943873405456543,3,,,,
,26249,4.943873405456543,3,,,,
,26299,4.943873405456543,3,,,,
,26349,4.943873405456543,3,,,,
,26399,4.943873405456543,3,,,,
,26449,4.943873405456543,3,,,,
,26499,4.943873405456543,3,,,,
,26549,4.943873405456543,3,,,,
,26599,4.943873405456543,3,,,,
,26649,4.943873405456543,3,,,,
,26699,4.943873405456543,3,,,,
,26749,4.943873405456543,3,,,,
,26799,4.943873405456543,3,,,,
,26849,4.943873405456543,3,,,,
,26899,4.943873405456543,3,,,,
,26949,4.943873405456543,3,,,,
,26999,4.943873405456543,3,,,,
,27049,4.943873405456543,3,,,,
,27099,4.943873405456543,3,,,,
,27149,4.943873405456543,3,,,,
,27199,4.943873405456543,3,,,,
,27249,4.943873405456543,3,,,,
,27299,4.943873405456543,3,,,,
,27349,4.943873405456543,3,,,,
,27399,4.943873405456543,3,,,,
,27449,4.943873405456543,3,,,,
,27499,4.943873405456543,3,,,,
,27549,4.943873405456543,3,,,,
,27599,4.943873405456543,3,,,,
,27649,4.943873405456543,3,,,,
,27699,4.943873405456543,3,,,,
,27749,4.943873405456543,3,,,,
,27799,4.943873405456543,3,,,,
,27849,4.943873405456543,3,,,,
,27899,4.943873405456543,3,,,,
,27949,4.943873405456543,3,,,,
,27999,4.943873405456543,3,,,,
,28049,4.943873405456543,3,,,,
,28099,4.943873405456543,3,,,,
,28149,4.943873405456543,3,,,,
,28199,4.943873405456543,3,,,,
,28249,4.943873405456543,3,,,,
,28299,4.943873405456543,3,,,,
,28349,4.943873405456543,3,,,,
,28399,4.943873405456543,3,,,,
,28449,4.943873405456543,3,,,,
,28499,4.943873405456543,3,,,,
,28549,4.943873405456543,3,,,,
,28599,4.943873405456543,3,,,,
,28649,4.943873405456543,3,,,,
,28699,4.943873405456543,3,,,,
,28749,4.943873405456543,3,,,,
,28799,4.943873405456543,3,,,,
,28849,4.943873405456543,3,,,,
,28899,4.943873405456543,3,,,,
,28949,4.943873405456543,3,,,,
,28999,4.943873405456543,3,,,,
,29049,4.943873405456543,3,,,,
,29099,4.943873405456543,3,,,,
,29149,4.943873405456543,3,,,,
,29199,4.943873405456543,3,,,,
,29249,4.943873405456543,3,,,,
,29299,4.943873405456543,3,,,,
,29349,4.943873405456543,3,,,,
,29399,4.943873405456543,3,,,,
,29449,4.943873405456543,3,,,,
,29499,4.943873405456543,3,,,,
,29549,4.943873405456543,3,,,,
,29599,4.943873405456543,3,,,,
,29649,4.943873405456543,3,,,,
,29699,4.943873405456543,3,,,,
,29749,4.943873405456543,3,,,,
,29799,4.943873405456543,3,,,,
,29849,4.943873405456543,3,,,,
,29899,4.943873405456543,3,,,,
,29949,4.943873405456543,3,,,,
,29999,4.943873405456543,3,,,,
,30049,4.943873405456543,3,,,,
,30099,4.943873405456543,3,,,,
,30149,4.943873405456543,3,,,,
,30199,4.943873405456543,3,,,,
,30249,4.943873405456543,3,,,,
,30299,4.943873405456543,3,,,,
,30349,4.943873405456543,3,,,,
,30399,4.943873405456543,3,,,,
,30449,4.943873405456543,3,,,,
,30499,4.943873405456543,3,,,,
,30549,4.943873405456543,3,,,,
,30599,4.943873405456543,3,,,,
,30649,4.943873405456543,3,,,,
,30699,4.943873405456543,3,,,,
,30749,4.943873405456543,3,,,,
,30799,4.943873405456543,3,,,,
,30849,4.943873405456543,3,,,,
,30899,4.943873405456543,3,,,,
,30949,4.943873405456543,3,,,,
,30999,4.943873405456543,3,,,,
,31049,4.943873405456543,3,,,,
,31099,4.943873405456543,3,,,,
,31149,4.943873405456543,3,,,,
,31199,4.943873405456543,3,,,,
,31249,4.943873405456543,3,,,,
,31299,4.943873405456543,3,,,,
,31349,4.943873405456543,3,,,,
,31399,4.943873405456543,3,,,,
,31449,4.943873405456543,3,,,,
,31499,4.943873405456543,3,,,,
,31549,4.943873405456543,3,,,,
,31599,4.943873405456543,3,,,,
,31649,4.943873405456543,3,,,,
,31699,4.943873405456543,3,,,,
,31749,4.943873405456543,3,,,,
,31751,,3,7.97413444519043,0.0,0.0,0.8542827808741567
0.0001,31752,,,,,,
,31799,4.943873405456543,4,,,,
,31849,4.943873405456543,4,,,,
,31899,4.943873405456543,4,,,,
,31949,4.943873405456543,4,,,,
,31999,4.943873405456543,4,,,,
,32049,4.943873405456543,4,,,,
,32099,4.943873405456543,4,,,,
,32149,4.943873405456543,4,,,,
,32199,4.943873405456543,4,,,,
,32249,4.943873405456543,4,,,,
,32299,4.943873405456543,4,,,,
,32349,4.943873405456543,4,,,,
,32399,4.943873405456543,4,,,,
,32449,4.943873405456543,4,,,,
,32499,4.943873405456543,4,,,,
,32549,4.943873405456543,4,,,,
,32599,4.943873405456543,4,,,,
,32649,4.943873405456543,4,,,,
,32699,4.943873405456543,4,,,,
,32749,4.943873405456543,4,,,,
,32799,4.943873405456543,4,,,,
,32849,4.943873405456543,4,,,,
,32899,4.943873405456543,4,,,,
,32949,4.943873405456543,4,,,,
,32999,4.943873405456543,4,,,,
,33049,4.943873405456543,4,,,,
,33099,4.943873405456543,4,,,,
,33149,4.943873405456543,4,,,,
,33199,4.943873405456543,4,,,,
,33249,4.943873405456543,4,,,,
,33299,4.943873405456543,4,,,,
,33349,4.943873405456543,4,,,,
,33399,4.943873405456543,4,,,,
,33449,4.943873405456543,4,,,,
,33499,4.943873405456543,4,,,,
,33549,4.943873405456543,4,,,,
,33599,4.943873405456543,4,,,,
,33649,4.943873405456543,4,,,,
,33699,4.943873405456543,4,,,,
,33749,4.943873405456543,4,,,,
,33799,4.943873405456543,4,,,,
,33849,4.943873405456543,4,,,,
,33899,4.943873405456543,4,,,,
,33949,4.943873405456543,4,,,,
,33999,4.943873405456543,4,,,,
,34049,4.943873405456543,4,,,,
,34099,4.943873405456543,4,,,,
,34149,4.943873405456543,4,,,,
,34199,4.943873405456543,4,,,,
,34249,4.943873405456543,4,,,,
,34299,4.943873405456543,4,,,,
,34349,4.943873405456543,4,,,,
,34399,4.943873405456543,4,,,,
,34449,4.943873405456543,4,,,,
,34499,4.943873405456543,4,,,,
,34549,4.943873405456543,4,,,,
,34599,4.943873405456543,4,,,,
,34649,4.943873405456543,4,,,,
,34699,4.943873405456543,4,,,,
,34749,4.943873405456543,4,,,,
,34799,4.943873405456543,4,,,,
,34849,4.943873405456543,4,,,,
,34899,4.943873405456543,4,,,,
,34949,4.943873405456543,4,,,,
,34999,4.943873405456543,4,,,,
,35049,4.943873405456543,4,,,,
,35099,4.943873405456543,4,,,,
,35149,4.943873405456543,4,,,,
,35199,4.943873405456543,4,,,,
,35249,4.943873405456543,4,,,,
,35299,4.943873405456543,4,,,,
,35349,4.943873405456543,4,,,,
,35399,4.943873405456543,4,,,,
,35449,4.943873405456543,4,,,,
,35499,4.943873405456543,4,,,,
,35549,4.943873405456543,4,,,,
,35599,4.943873405456543,4,,,,
,35649,4.943873405456543,4,,,,
,35699,4.943873405456543,4,,,,
,35749,4.943873405456543,4,,,,
,35799,4.943873405456543,4,,,,
,35849,4.943873405456543,4,,,,
,35899,4.943873405456543,4,,,,
,35949,4.943873405456543,4,,,,
,35999,4.943873405456543,4,,,,
,36049,4.943873405456543,4,,,,
,36099,4.943873405456543,4,,,,
,36149,4.943873405456543,4,,,,
,36199,4.943873405456543,4,,,,
,36249,4.943873405456543,4,,,,
,36299,4.943873405456543,4,,,,
,36349,4.943873405456543,4,,,,
,36399,4.943873405456543,4,,,,
,36449,4.943873405456543,4,,,,
,36499,4.943873405456543,4,,,,
,36549,4.943873405456543,4,,,,
,36599,4.943873405456543,4,,,,
,36649,4.943873405456543,4,,,,
,36699,4.943873405456543,4,,,,
,36749,4.943873405456543,4,,,,
,36799,4.943873405456543,4,,,,
,36849,4.943873405456543,4,,,,
,36899,4.943873405456543,4,,,,
,36949,4.943873405456543,4,,,,
,36999,4.943873405456543,4,,,,
,37049,4.943873405456543,4,,,,
,37099,4.943873405456543,4,,,,
,37149,4.943873405456543,4,,,,
,37199,4.943873405456543,4,,,,
,37249,4.943873405456543,4,,,,
,37299,4.943873405456543,4,,,,
,37349,4.943873405456543,4,,,,
,37399,4.943873405456543,4,,,,
,37449,4.943873405456543,4,,,,
,37499,4.943873405456543,4,,,,
,37549,4.943873405456543,4,,,,
,37599,4.943873405456543,4,,,,
,37649,4.943873405456543,4,,,,
,37699,4.943873405456543,4,,,,
,37749,4.943873405456543,4,,,,
,37799,4.943873405456543,4,,,,
,37849,4.943873405456543,4,,,,
,37899,4.943873405456543,4,,,,
,37949,4.943873405456543,4,,,,
,37999,4.943873405456543,4,,,,
,38049,4.943873405456543,4,,,,
,38099,4.943873405456543,4,,,,
,38149,4.943873405456543,4,,,,
,38199,4.943873405456543,4,,,,
,38249,4.943873405456543,4,,,,
,38299,4.943873405456543,4,,,,
,38349,4.943873405456543,4,,,,
,38399,4.943873405456543,4,,,,
,38449,4.943873405456543,4,,,,
,38499,4.943873405456543,4,,,,
,38549,4.943873405456543,4,,,,
,38599,4.943873405456543,4,,,,
,38649,4.943873405456543,4,,,,
,38699,4.943873405456543,4,,,,
,38749,4.943873405456543,4,,,,
,38799,4.943873405456543,4,,,,
,38849,4.943873405456543,4,,,,
,38899,4.943873405456543,4,,,,
,38949,4.943873405456543,4,,,,
,38999,4.943873405456543,4,,,,
,39049,4.943873405456543,4,,,,
,39099,4.943873405456543,4,,,,
,39149,4.943873405456543,4,,,,
,39199,4.943873405456543,4,,,,
,39249,4.943873405456543,4,,,,
,39299,4.943873405456543,4,,,,
,39349,4.943873405456543,4,,,,
,39399,4.943873405456543,4,,,,
,39449,4.943873405456543,4,,,,
,39499,4.943873405456543,4,,,,
,39549,4.943873405456543,4,,,,
,39599,4.943873405456543,4,,,,
,39649,4.943873405456543,4,,,,
,39689,,4,4.97377347946167,0.854282796382904,0.8542827808741567,0.8542827808741567
0.0001,39690,,,,,,
,39699,4.943873405456543,5,,,,
,39749,4.943873405456543,5,,,,
,39799,4.943873405456543,5,,,,
,39849,4.943873405456543,5,,,,
,39899,4.943873405456543,5,,,,
,39949,4.943873405456543,5,,,,
,39999,4.943873405456543,5,,,,
,40049,4.943873405456543,5,,,,
,40099,4.943873405456543,5,,,,
,40149,4.943873405456543,5,,,,
,40199,4.943873405456543,5,,,,
,40249,4.943873405456543,5,,,,
,40299,4.943873405456543,5,,,,
,40349,4.943873405456543,5,,,,
,40399,4.943873405456543,5,,,,
,40449,4.943873405456543,5,,,,
,40499,4.943873405456543,5,,,,
,40549,4.943873405456543,5,,,,
,40599,4.943873405456543,5,,,,
,40649,4.943873405456543,5,,,,
,40699,4.943873405456543,5,,,,
,40749,4.943873405456543,5,,,,
,40799,4.943873405456543,5,,,,
,40849,4.943873405456543,5,,,,
,40899,4.943873405456543,5,,,,
,40949,4.943873405456543,5,,,,
,40999,4.943873405456543,5,,,,
,41049,4.943873405456543,5,,,,
,41099,4.943873405456543,5,,,,
,41149,4.943873405456543,5,,,,
,41199,4.943873405456543,5,,,,
,41249,4.943873405456543,5,,,,
,41299,4.943873405456543,5,,,,
,41349,4.943873405456543,5,,,,
,41399,4.943873405456543,5,,,,
,41449,4.943873405456543,5,,,,
,41499,4.943873405456543,5,,,,
,41549,4.943873405456543,5,,,,
,41599,4.943873405456543,5,,,,
,41649,4.943873405456543,5,,,,
,41699,4.943873405456543,5,,,,
,41749,4.943873405456543,5,,,,
,41799,4.943873405456543,5,,,,
,41849,4.943873405456543,5,,,,
,41899,4.943873405456543,5,,,,
,41949,4.943873405456543,5,,,,
,41999,4.943873405456543,5,,,,
,42049,4.943873405456543,5,,,,
,42099,4.943873405456543,5,,,,
,42149,4.943873405456543,5,,,,
,42199,4.943873405456543,5,,,,
,42249,4.943873405456543,5,,,,
,42299,4.943873405456543,5,,,,
,42349,4.943873405456543,5,,,,
,42399,4.943873405456543,5,,,,
,42449,4.943873405456543,5,,,,
,42499,4.943873405456543,5,,,,
,42549,4.943873405456543,5,,,,
,42599,4.943873405456543,5,,,,
,42649,4.943873405456543,5,,,,
,42699,4.943873405456543,5,,,,
,42749,4.943873405456543,5,,,,
,42799,4.943873405456543,5,,,,
,42849,4.943873405456543,5,,,,
,42899,4.943873405456543,5,,,,
,42949,4.943873405456543,5,,,,
,42999,4.943873405456543,5,,,,
,43049,4.943873405456543,5,,,,
,43099,4.943873405456543,5,,,,
,43149,4.943873405456543,5,,,,
,43199,4.943873405456543,5,,,,
,43249,4.943873405456543,5,,,,
,43299,4.943873405456543,5,,,,
,43349,4.943873405456543,5,,,,
,43399,4.943873405456543,5,,,,
,43449,4.943873405456543,5,,,,
,43499,4.943873405456543,5,,,,
,43549,4.943873405456543,5,,,,
,43599,4.943873405456543,5,,,,
,43649,4.943873405456543,5,,,,
,43699,4.943873405456543,5,,,,
,43749,4.943873405456543,5,,,,
,43799,4.943873405456543,5,,,,
,43849,4.943873405456543,5,,,,
,43899,4.943873405456543,5,,,,
,43949,4.943873405456543,5,,,,
,43999,4.943873405456543,5,,,,
,44049,4.943873405456543,5,,,,
,44099,4.943873405456543,5,,,,
,44149,4.943873405456543,5,,,,
,44199,4.943873405456543,5,,,,
,44249,4.943873405456543,5,,,,
,44299,4.943873405456543,5,,,,
,44349,4.943873405456543,5,,,,
,44399,4.943873405456543,5,,,,
,44449,4.943873405456543,5,,,,
,44499,4.943873405456543,5,,,,
,44549,4.943873405456543,5,,,,
,44599,4.943873405456543,5,,,,
,44649,4.943873405456543,5,,,,
,44699,4.943873405456543,5,,,,
,44749,4.943873405456543,5,,,,
,44799,4.943873405456543,5,,,,
,44849,4.943873405456543,5,,,,
,44899,4.943873405456543,5,,,,
,44949,4.943873405456543,5,,,,
,44999,4.943873405456543,5,,,,
,45049,4.943873405456543,5,,,,
,45099,4.943873405456543,5,,,,
,45149,4.943873405456543,5,,,,
,45199,4.943873405456543,5,,,,
,45249,4.943873405456543,5,,,,
,45299,4.943873405456543,5,,,,
,45349,4.943873405456543,5,,,,
,45399,4.943873405456543,5,,,,
,45449,4.943873405456543,5,,,,
,45499,4.943873405456543,5,,,,
,45549,4.943873405456543,5,,,,
,45599,4.943873405456543,5,,,,
,45649,4.943873405456543,5,,,,
,45699,4.943873405456543,5,,,,
,45749,4.943873405456543,5,,,,
,45799,4.943873405456543,5,,,,
,45849,4.943873405456543,5,,,,
,45899,4.943873405456543,5,,,,
,45949,4.943873405456543,5,,,,
,45999,4.943873405456543,5,,,,
,46049,4.943873405456543,5,,,,
,46099,4.943873405456543,5,,,,
,46149,4.943873405456543,5,,,,
,46199,4.943873405456543,5,,,,
,46249,4.943873405456543,5,,,,
,46299,4.943873405456543,5,,,,
,46349,4.943873405456543,5,,,,
,46399,4.943873405456543,5,,,,
,46449,4.943873405456543,5,,,,
,46499,4.943873405456543,5,,,,
,46549,4.943873405456543,5,,,,
,46599,4.943873405456543,5,,,,
,46649,4.943873405456543,5,,,,
,46699,4.943873405456543,5,,,,
,46749,4.943873405456543,5,,,,
,46799,4.943873405456543,5,,,,
,46849,4.943873405456543,5,,,,
,46899,4.943873405456543,5,,,,
,46949,4.943873405456543,5,,,,
,46999,4.943873405456543,5,,,,
,47049,4.943873405456543,5,,,,
,47099,4.943873405456543,5,,,,
,47149,4.943873405456543,5,,,,
,47199,4.943873405456543,5,,,,
,47249,4.943873405456543,5,,,,
,47299,4.943873405456543,5,,,,
,47349,4.943873405456543,5,,,,
,47399,4.943873405456543,5,,,,
,47449,4.943873405456543,5,,,,
,47499,4.943873405456543,5,,,,
,47549,4.943873405456543,5,,,,
,47599,4.943873405456543,5,,,,
,47627,,5,4.984338283538818,0.854282796382904,0.8542827808741567,0.8542827808741567
0.0001,47628,,,,,,
,47649,4.943873405456543,6,,,,
,47699,4.943873405456543,6,,,,
,47749,4.943873405456543,6,,,,
,47799,4.943873405456543,6,,,,
,47849,4.943873405456543,6,,,,
,47899,4.943873405456543,6,,,,
,47949,4.943873405456543,6,,,,
,47999,4.943873405456543,6,,,,
,48049,4.943873405456543,6,,,,
,48099,4.943873405456543,6,,,,
,48149,4.943873405456543,6,,,,
,48199,4.943873405456543,6,,,,
,48249,4.943873405456543,6,,,,
,48299,4.943873405456543,6,,,,
,48349,4.943873405456543,6,,,,
,48399,4.943873405456543,6,,,,
,48449,4.943873405456543,6,,,,
,48499,4.943873405456543,6,,,,
,48549,4.943873405456543,6,,,,
,48599,4.943873405456543,6,,,,
,48649,4.943873405456543,6,,,,
,48699,4.943873405456543,6,,,,
,48749,4.943873405456543,6,,,,
,48799,4.943873405456543,6,,,,
,48849,4.943873405456543,6,,,,
,48899,4.943873405456543,6,,,,
,48949,4.943873405456543,6,,,,
,48999,4.943873405456543,6,,,,
,49049,4.943873405456543,6,,,,
,49099,4.943873405456543,6,,,,
,49149,4.943873405456543,6,,,,
,49199,4.943873405456543,6,,,,
,49249,4.943873405456543,6,,,,
,49299,4.943873405456543,6,,,,
,49349,4.943873405456543,6,,,,
,49399,4.943873405456543,6,,,,
,49449,4.943873405456543,6,,,,
,49499,4.943873405456543,6,,,,
,49549,4.943873405456543,6,,,,
,49599,4.943873405456543,6,,,,
,49649,4.943873405456543,6,,,,
,49699,4.943873405456543,6,,,,
,49749,4.943873405456543,6,,,,
,49799,4.943873405456543,6,,,,
,49849,4.943873405456543,6,,,,
,49899,4.943873405456543,6,,,,
,49949,4.943873405456543,6,,,,
,49999,4.943873405456543,6,,,,
,50049,4.943873405456543,6,,,,
,50099,4.943873405456543,6,,,,
,50149,4.943873405456543,6,,,,
,50199,4.943873405456543,6,,,,
,50249,4.943873405456543,6,,,,
,50299,4.943873405456543,6,,,,
,50349,4.943873405456543,6,,,,
,50399,4.943873405456543,6,,,,
,50449,4.943873405456543,6,,,,
,50499,4.943873405456543,6,,,,
,50549,4.943873405456543,6,,,,
,50599,4.943873405456543,6,,,,
,50649,4.943873405456543,6,,,,
,50699,4.943873405456543,6,,,,
,50749,4.943873405456543,6,,,,
,50799,4.943873405456543,6,,,,
,50849,4.943873405456543,6,,,,
,50899,4.943873405456543,6,,,,
,50949,4.943873405456543,6,,,,
,50999,4.943873405456543,6,,,,
,51049,4.943873405456543,6,,,,
,51099,4.943873405456543,6,,,,
,51149,4.943873405456543,6,,,,
,51199,4.943873405456543,6,,,,
,51249,4.943873405456543,6,,,,
,51299,4.943873405456543,6,,,,
,51349,4.943873405456543,6,,,,
,51399,4.943873405456543,6,,,,
,51449,4.943873405456543,6,,,,
,51499,4.943873405456543,6,,,,
,51549,4.943873405456543,6,,,,
,51599,4.943873405456543,6,,,,
,51649,4.943873405456543,6,,,,
,51699,4.943873405456543,6,,,,
,51749,4.943873405456543,6,,,,
,51799,4.943873405456543,6,,,,
,51849,4.943873405456543,6,,,,
,51899,4.943873405456543,6,,,,
,51949,4.943873405456543,6,,,,
,51999,4.943873405456543,6,,,,
,52049,4.943873405456543,6,,,,
,52099,4.943873405456543,6,,,,
,52149,4.943873405456543,6,,,,
,52199,4.943873405456543,6,,,,
,52249,4.943873405456543,6,,,,
,52299,4.943873405456543,6,,,,
,52349,4.943873405456543,6,,,,
,52399,4.943873405456543,6,,,,
,52449,4.943873405456543,6,,,,
,52499,4.943873405456543,6,,,,
,52549,4.943873405456543,6,,,,
,52599,4.943873405456543,6,,,,
,52649,4.943873405456543,6,,,,
,52699,4.943873405456543,6,,,,
,52749,4.943873405456543,6,,,,
,52799,4.943873405456543,6,,,,
,52849,4.943873405456543,6,,,,
,52899,4.943873405456543,6,,,,
,52949,4.943873405456543,6,,,,
,52999,4.943873405456543,6,,,,
,53049,4.943873405456543,6,,,,
,53099,4.943873405456543,6,,,,
,53149,4.943873405456543,6,,,,
,53199,4.943873405456543,6,,,,
,53249,4.943873405456543,6,,,,
,53299,4.943873405456543,6,,,,
,53349,4.943873405456543,6,,,,
,53399,4.943873405456543,6,,,,
,53449,4.943873405456543,6,,,,
,53499,4.943873405456543,6,,,,
,53549,4.943873405456543,6,,,,
,53599,4.943873405456543,6,,,,
,53649,4.943873405456543,6,,,,
,53699,4.943873405456543,6,,,,
,53749,4.943873405456543,6,,,,
,53799,4.943873405456543,6,,,,
,53849,4.943873405456543,6,,,,
,53899,4.943873405456543,6,,,,
,53949,4.943873405456543,6,,,,
,53999,4.943873405456543,6,,,,
,54049,4.943873405456543,6,,,,
,54099,4.943873405456543,6,,,,
,54149,4.943873405456543,6,,,,
,54199,4.943873405456543,6,,,,
,54249,4.943873405456543,6,,,,
,54299,4.943873405456543,6,,,,
,54349,4.943873405456543,6,,,,
,54399,4.943873405456543,6,,,,
,54449,4.943873405456543,6,,,,
,54499,4.943873405456543,6,,,,
,54549,4.943873405456543,6,,,,
,54599,4.943873405456543,6,,,,
,54649,4.943873405456543,6,,,,
,54699,4.943873405456543,6,,,,
,54749,4.943873405456543,6,,,,
,54799,4.943873405456543,6,,,,
,54849,4.943873405456543,6,,,,
,54899,4.943873405456543,6,,,,
,54949,4.943873405456543,6,,,,
,54999,4.943873405456543,6,,,,
,55049,4.943873405456543,6,,,,
,55099,4.943873405456543,6,,,,
,55149,4.943873405456543,6,,,,
,55199,4.943873405456543,6,,,,
,55249,4.943873405456543,6,,,,
,55299,4.943873405456543,6,,,,
,55349,4.943873405456543,6,,,,
,55399,4.943873405456543,6,,,,
,55449,4.943873405456543,6,,,,
,55499,4.943873405456543,6,,,,
,55549,4.943873405456543,6,,,,
,55565,,6,5.231482982635498,0.14571721851825714,1.0,0.0
0.0001,55566,,,,,,
,55599,4.943873405456543,7,,,,
,55649,4.943873405456543,7,,,,
,55699,4.943873405456543,7,,,,
,55749,4.943873405456543,7,,,,
,55799,4.943873405456543,7,,,,
,55849,4.943873405456543,7,,,,
,55899,4.943873405456543,7,,,,
,55949,4.943873405456543,7,,,,
,55999,4.943873405456543,7,,,,
,56049,4.943873405456543,7,,,,
,56099,4.943873405456543,7,,,,
,56149,4.943873405456543,7,,,,
,56199,4.943873405456543,7,,,,
,56249,4.943873405456543,7,,,,
,56299,4.943873405456543,7,,,,
,56349,4.943873405456543,7,,,,
,56399,4.943873405456543,7,,,,
,56449,4.943873405456543,7,,,,
,56499,4.943873405456543,7,,,,
,56549,4.943873405456543,7,,,,
,56599,4.943873405456543,7,,,,
,56649,4.943873405456543,7,,,,
,56699,4.943873405456543,7,,,,
,56749,4.943873405456543,7,,,,
,56799,4.943873405456543,7,,,,
,56849,4.943873405456543,7,,,,
,56899,4.943873405456543,7,,,,
,56949,4.943873405456543,7,,,,
,56999,4.943873405456543,7,,,,
,57049,4.943873405456543,7,,,,
,57099,4.943873405456543,7,,,,
,57149,4.943873405456543,7,,,,
,57199,4.943873405456543,7,,,,
,57249,4.943873405456543,7,,,,
,57299,4.943873405456543,7,,,,
,57349,4.943873405456543,7,,,,
,57399,4.943873405456543,7,,,,
,57449,4.943873405456543,7,,,,
,57499,4.943873405456543,7,,,,
,57549,4.943873405456543,7,,,,
,57599,4.943873405456543,7,,,,
,57649,4.943873405456543,7,,,,
,57699,4.943873405456543,7,,,,
,57749,4.943873405456543,7,,,,
,57799,4.943873405456543,7,,,,
,57849,4.943873405456543,7,,,,
,57899,4.943873405456543,7,,,,
,57949,4.943873405456543,7,,,,
,57999,4.943873405456543,7,,,,
,58049,4.943873405456543,7,,,,
,58099,4.943873405456543,7,,,,
,58149,4.943873405456543,7,,,,
,58199,4.943873405456543,7,,,,
,58249,4.943873405456543,7,,,,
,58299,4.943873405456543,7,,,,
,58349,4.943873405456543,7,,,,
,58399,4.943873405456543,7,,,,
,58449,4.943873405456543,7,,,,
,58499,4.943873405456543,7,,,,
,58549,4.943873405456543,7,,,,
,58599,4.943873405456543,7,,,,
,58649,4.943873405456543,7,,,,
,58699,4.943873405456543,7,,,,
,58749,4.943873405456543,7,,,,
,58799,4.943873405456543,7,,,,
,58849,4.943873405456543,7,,,,
,58899,4.943873405456543,7,,,,
,58949,4.943873405456543,7,,,,
,58999,4.943873405456543,7,,,,
,59049,4.943873405456543,7,,,,
,59099,4.943873405456543,7,,,,
,59149,4.943873405456543,7,,,,
,59199,4.943873405456543,7,,,,
,59249,4.943873405456543,7,,,,
,59299,4.943873405456543,7,,,,
,59349,4.943873405456543,7,,,,
,59399,4.943873405456543,7,,,,
,59449,4.943873405456543,7,,,,
,59499,4.943873405456543,7,,,,
,59549,4.943873405456543,7,,,,
,59599,4.943873405456543,7,,,,
,59649,4.943873405456543,7,,,,
,59699,4.943873405456543,7,,,,
,59749,4.943873405456543,7,,,,
,59799,4.943873405456543,7,,,,
,59849,4.943873405456543,7,,,,
,59899,4.943873405456543,7,,,,
,59949,4.943873405456543,7,,,,
,59999,4.943873405456543,7,,,,
,60049,4.943873405456543,7,,,,
,60099,4.943873405456543,7,,,,
,60149,4.943873405456543,7,,,,
,60199,4.943873405456543,7,,,,
,60249,4.943873405456543,7,,,,
,60299,4.943873405456543,7,,,,
,60349,4.943873405456543,7,,,,
,60399,4.943873405456543,7,,,,
,60449,4.943873405456543,7,,,,
,60499,4.943873405456543,7,,,,
,60549,4.943873405456543,7,,,,
,60599,4.943873405456543,7,,,,
,60649,4.943873405456543,7,,,,
,60699,4.943873405456543,7,,,,
,60749,4.943873405456543,7,,,,
,60799,4.943873405456543,7,,,,
,60849,4.943873405456543,7,,,,
,60899,4.943873405456543,7,,,,
,60949,4.943873405456543,7,,,,
,60999,4.943873405456543,7,,,,
,61049,4.943873405456543,7,,,,
,61099,4.943873405456543,7,,,,
,61149,4.943873405456543,7,,,,
,61199,4.943873405456543,7,,,,
,61249,4.943873405456543,7,,,,
,61299,4.943873405456543,7,,,,
,61349,4.943873405456543,7,,,,
,61399,4.943873405456543,7,,,,
,61449,4.943873405456543,7,,,,
,61499,4.943873405456543,7,,,,
,61549,4.943873405456543,7,,,,
,61599,4.943873405456543,7,,,,
,61649,4.943873405456543,7,,,,
,61699,4.943873405456543,7,,,,
,61749,4.943873405456543,7,,,,
,61799,4.943873405456543,7,,,,
,61849,4.943873405456543,7,,,,
,61899,4.943873405456543,7,,,,
,61949,4.943873405456543,7,,,,
,61999,4.943873405456543,7,,,,
,62049,4.943873405456543,7,,,,
,62099,4.943873405456543,7,,,,
,62149,4.943873405456543,7,,,,
,62199,4.943873405456543,7,,,,
,62249,4.943873405456543,7,,,,
,62299,4.943873405456543,7,,,,
,62349,4.943873405456543,7,,,,
,62399,4.943873405456543,7,,,,
,62449,4.943873405456543,7,,,,
,62499,4.943873405456543,7,,,,
,62549,4.943873405456543,7,,,,
,62599,4.943873405456543,7,,,,
,62649,4.943873405456543,7,,,,
,62699,4.943873405456543,7,,,,
,62749,4.943873405456543,7,,,,
,62799,4.943873405456543,7,,,,
,62849,4.943873405456543,7,,,,
,62899,4.943873405456543,7,,,,
,62949,4.943873405456543,7,,,,
,62999,4.943873405456543,7,,,,
,63049,4.943873405456543,7,,,,
,63099,4.943873405456543,7,,,,
,63149,4.943873405456543,7,,,,
,63199,4.943873405456543,7,,,,
,63249,4.943873405456543,7,,,,
,63299,4.943873405456543,7,,,,
,63349,4.943873405456543,7,,,,
,63399,4.943873405456543,7,,,,
,63449,4.943873405456543,7,,,,
,63499,4.943873405456543,7,,,,
,63503,,7,7.172412395477295,0.0,0.0,0.8542827808741567
0.0001,63504,,,,,,
,63549,4.943873405456543,8,,,,
,63599,4.943873405456543,8,,,,
,63649,4.943873405456543,8,,,,
,63699,4.943873405456543,8,,,,
,63749,4.943873405456543,8,,,,
,63799,4.943873405456543,8,,,,
,63849,4.943873405456543,8,,,,
,63899,4.943873405456543,8,,,,
,63949,4.943873405456543,8,,,,
,63999,4.943873405456543,8,,,,
,64049,4.943873405456543,8,,,,
,64099,4.943873405456543,8,,,,
,64149,4.943873405456543,8,,,,
,64199,4.943873405456543,8,,,,
,64249,4.943873405456543,8,,,,
,64299,4.943873405456543,8,,,,
,64349,4.943873405456543,8,,,,
,64399,4.943873405456543,8,,,,
,64449,4.943873405456543,8,,,,
,64499,4.943873405456543,8,,,,
,64549,4.943873405456543,8,,,,
,64599,4.943873405456543,8,,,,
,64649,4.943873405456543,8,,,,
,64699,4.943873405456543,8,,,,
,64749,4.943873405456543,8,,,,
,64799,4.943873405456543,8,,,,
,64849,4.943873405456543,8,,,,
,64899,4.943873405456543,8,,,,
,64949,4.943873405456543,8,,,,
,64999,4.943873405456543,8,,,,
,65049,4.943873405456543,8,,,,
,65099,4.943873405456543,8,,,,
,65149,4.943873405456543,8,,,,
,65199,4.943873405456543,8,,,,
,65249,4.943873405456543,8,,,,
,65299,4.943873405456543,8,,,,
,65349,4.943873405456543,8,,,,
,65399,4.943873405456543,8,,,,
,65449,4.943873405456543,8,,,,
,65499,4.943873405456543,8,,,,
,65549,4.943873405456543,8,,,,
,65599,4.943873405456543,8,,,,
,65649,4.943873405456543,8,,,,
,65699,4.943873405456543,8,,,,
,65749,4.943873405456543,8,,,,
,65799,4.943873405456543,8,,,,
,65849,4.943873405456543,8,,,,
,65899,4.943873405456543,8,,,,
,65949,4.943873405456543,8,,,,
,65999,4.943873405456543,8,,,,
,66049,4.943873405456543,8,,,,
,66099,4.943873405456543,8,,,,
,66149,4.943873405456543,8,,,,
,66199,4.943873405456543,8,,,,
,66249,4.943873405456543,8,,,,
,66299,4.943873405456543,8,,,,
,66349,4.943873405456543,8,,,,
,66399,4.943873405456543,8,,,,
,66449,4.943873405456543,8,,,,
,66499,4.943873405456543,8,,,,
,66549,4.943873405456543,8,,,,
,66599,4.943873405456543,8,,,,
,66649,4.943873405456543,8,,,,
,66699,4.943873405456543,8,,,,
,66749,4.943873405456543,8,,,,
,66799,4.943873405456543,8,,,,
,66849,4.943873405456543,8,,,,
,66899,4.943873405456543,8,,,,
,66949,4.943873405456543,8,,,,
,66999,4.943873405456543,8,,,,
,67049,4.943873405456543,8,,,,
,67099,4.943873405456543,8,,,,
,67149,4.943873405456543,8,,,,
,67199,4.943873405456543,8,,,,
,67249,4.943873405456543,8,,,,
,67299,4.943873405456543,8,,,,
,67349,4.943873405456543,8,,,,
,67399,4.943873405456543,8,,,,
,67449,4.943873405456543,8,,,,
,67499,4.943873405456543,8,,,,
,67549,4.943873405456543,8,,,,
,67599,4.943873405456543,8,,,,
,67649,4.943873405456543,8,,,,
,67699,4.943873405456543,8,,,,
,67749,4.943873405456543,8,,,,
,67799,4.943873405456543,8,,,,
,67849,4.943873405456543,8,,,,
,67899,4.943873405456543,8,,,,
,67949,4.943873405456543,8,,,,
,67999,4.943873405456543,8,,,,
,68049,4.943873405456543,8,,,,
,68099,4.943873405456543,8,,,,
,68149,4.943873405456543,8,,,,
,68199,4.943873405456543,8,,,,
,68249,4.943873405456543,8,,,,
,68299,4.943873405456543,8,,,,
,68349,4.943873405456543,8,,,,
,68399,4.943873405456543,8,,,,
,68449,4.943873405456543,8,,,,
,68499,4.943873405456543,8,,,,
,68549,4.943873405456543,8,,,,
,68599,4.943873405456543,8,,,,
,68649,4.943873405456543,8,,,,
,68699,4.943873405456543,8,,,,
,68749,4.943873405456543,8,,,,
,68799,4.943873405456543,8,,,,
,68849,4.943873405456543,8,,,,
,68899,4.943873405456543,8,,,,
,68949,4.943873405456543,8,,,,
,68999,4.943873405456543,8,,,,
,69049,4.943873405456543,8,,,,
,69099,4.943873405456543,8,,,,
,69149,4.943873405456543,8,,,,
,69199,4.943873405456543,8,,,,
,69249,4.943873405456543,8,,,,
,69299,4.943873405456543,8,,,,
,69349,4.943873405456543,8,,,,
,69399,4.943873405456543,8,,,,
,69449,4.943873405456543,8,,,,
,69499,4.943873405456543,8,,,,
,69549,4.943873405456543,8,,,,
,69599,4.943873405456543,8,,,,
,69649,4.943873405456543,8,,,,
,69699,4.943873405456543,8,,,,
,69749,4.943873405456543,8,,,,
,69799,4.943873405456543,8,,,,
,69849,4.943873405456543,8,,,,
,69899,4.943873405456543,8,,,,
,69949,4.943873405456543,8,,,,
,69999,4.943873405456543,8,,,,
,70049,4.943873405456543,8,,,,
,70099,4.943873405456543,8,,,,
,70149,4.943873405456543,8,,,,
,70199,4.943873405456543,8,,,,
,70249,4.943873405456543,8,,,,
,70299,4.943873405456543,8,,,,
,70349,4.943873405456543,8,,,,
,70399,4.943873405456543,8,,,,
,70449,4.943873405456543,8,,,,
,70499,4.943873405456543,8,,,,
,70549,4.943873405456543,8,,,,
,70599,4.943873405456543,8,,,,
,70649,4.943873405456543,8,,,,
,70699,4.943873405456543,8,,,,
,70749,4.943873405456543,8,,,,
,70799,4.943873405456543,8,,,,
,70849,4.943873405456543,8,,,,
,70899,4.943873405456543,8,,,,
,70949,4.943873405456543,8,,,,
,70999,4.943873405456543,8,,,,
,71049,4.943873405456543,8,,,,
,71099,4.943873405456543,8,,,,
,71149,4.943873405456543,8,,,,
,71199,4.943873405456543,8,,,,
,71249,4.943873405456543,8,,,,
,71299,4.943873405456543,8,,,,
,71349,4.943873405456543,8,,,,
,71399,4.943873405456543,8,,,,
,71441,,8,4.958628177642822,0.14571721851825714,1.0,0.0
0.0001,71442,,,,,,
,71449,4.943873405456543,9,,,,
,71499,4.943873405456543,9,,,,
,71549,4.943873405456543,9,,,,
,71599,4.943873405456543,9,,,,
,71649,4.943873405456543,9,,,,
,71699,4.943873405456543,9,,,,
,71749,4.943873405456543,9,,,,
,71799,4.943873405456543,9,,,,
,71849,4.943873405456543,9,,,,
,71899,4.943873405456543,9,,,,
,71949,4.943873405456543,9,,,,
,71999,4.943873405456543,9,,,,
,72049,4.943873405456543,9,,,,
,72099,4.943873405456543,9,,,,
,72149,4.943873405456543,9,,,,
,72199,4.943873405456543,9,,,,
,72249,4.943873405456543,9,,,,
,72299,4.943873405456543,9,,,,
,72349,4.943873405456543,9,,,,
,72399,4.943873405456543,9,,,,
,72449,4.943873405456543,9,,,,
,72499,4.943873405456543,9,,,,
,72549,4.943873405456543,9,,,,
,72599,4.943873405456543,9,,,,
,72649,4.943873405456543,9,,,,
,72699,4.943873405456543,9,,,,
,72749,4.943873405456543,9,,,,
,72799,4.943873405456543,9,,,,
,72849,4.943873405456543,9,,,,
,72899,4.943873405456543,9,,,,
,72949,4.943873405456543,9,,,,
,72999,4.943873405456543,9,,,,
,73049,4.943873405456543,9,,,,
,73099,4.943873405456543,9,,,,
,73149,4.943873405456543,9,,,,
,73199,4.943873405456543,9,,,,
,73249,4.943873405456543,9,,,,
,73299,4.943873405456543,9,,,,
,73349,4.943873405456543,9,,,,
,73399,4.943873405456543,9,,,,
,73449,4.943873405456543,9,,,,
,73499,4.943873405456543,9,,,,
,73549,4.943873405456543,9,,,,
,73599,4.943873405456543,9,,,,
,73649,4.943873405456543,9,,,,
,73699,4.943873405456543,9,,,,
,73749,4.943873405456543,9,,,,
,73799,4.943873405456543,9,,,,
,73849,4.943873405456543,9,,,,
,73899,4.943873405456543,9,,,,
,73949,4.943873405456543,9,,,,
,73999,4.943873405456543,9,,,,
,74049,4.943873405456543,9,,,,
,74099,4.943873405456543,9,,,,
,74149,4.943873405456543,9,,,,
,74199,4.943873405456543,9,,,,
,74249,4.943873405456543,9,,,,
,74299,4.943873405456543,9,,,,
,74349,4.943873405456543,9,,,,
,74399,4.943873405456543,9,,,,
,74449,4.943873405456543,9,,,,
,74499,4.943873405456543,9,,,,
,74549,4.943873405456543,9,,,,
,74599,4.943873405456543,9,,,,
,74649,4.943873405456543,9,,,,
,74699,4.943873405456543,9,,,,
,74749,4.943873405456543,9,,,,
,74799,4.943873405456543,9,,,,
,74849,4.943873405456543,9,,,,
,74899,4.943873405456543,9,,,,
,74949,4.943873405456543,9,,,,
,74999,4.943873405456543,9,,,,
,75049,4.943873405456543,9,,,,
,75099,4.943873405456543,9,,,,
,75149,4.943873405456543,9,,,,
,75199,4.943873405456543,9,,,,
,75249,4.943873405456543,9,,,,
,75299,4.943873405456543,9,,,,
,75349,4.943873405456543,9,,,,
,75399,4.943873405456543,9,,,,
,75449,4.943873405456543,9,,,,
,75499,4.943873405456543,9,,,,
,75549,4.943873405456543,9,,,,
,75599,4.943873405456543,9,,,,
,75649,4.943873405456543,9,,,,
,75699,4.943873405456543,9,,,,
,75749,4.943873405456543,9,,,,
,75799,4.943873405456543,9,,,,
,75849,4.943873405456543,9,,,,
,75899,4.943873405456543,9,,,,
,75949,4.943873405456543,9,,,,
,75999,4.943873405456543,9,,,,
,76049,4.943873405456543,9,,,,
,76099,4.943873405456543,9,,,,
,76149,4.943873405456543,9,,,,
,76199,4.943873405456543,9,,,,
,76249,4.943873405456543,9,,,,
,76299,4.943873405456543,9,,,,
,76349,4.943873405456543,9,,,,
,76399,4.943873405456543,9,,,,
,76449,4.943873405456543,9,,,,
,76499,4.943873405456543,9,,,,
,76549,4.943873405456543,9,,,,
,76599,4.943873405456543,9,,,,
,76649,4.943873405456543,9,,,,
,76699,4.943873405456543,9,,,,
,76749,4.943873405456543,9,,,,
,76799,4.943873405456543,9,,,,
,76849,4.943873405456543,9,,,,
,76899,4.943873405456543,9,,,,
,76949,4.943873405456543,9,,,,
,76999,4.943873405456543,9,,,,
,77049,4.943873405456543,9,,,,
,77099,4.943873405456543,9,,,,
,77149,4.943873405456543,9,,,,
,77199,4.943873405456543,9,,,,
,77249,4.943873405456543,9,,,,
,77299,4.943873405456543,9,,,,
,77349,4.943873405456543,9,,,,
,77399,4.943873405456543,9,,,,
,77449,4.943873405456543,9,,,,
,77499,4.943873405456543,9,,,,
,77549,4.943873405456543,9,,,,
,77599,4.943873405456543,9,,,,
,77649,4.943873405456543,9,,,,
,77699,4.943873405456543,9,,,,
,77749,4.943873405456543,9,,,,
,77799,4.943873405456543,9,,,,
,77849,4.943873405456543,9,,,,
,77899,4.943873405456543,9,,,,
,77949,4.943873405456543,9,,,,
,77999,4.943873405456543,9,,,,
,78049,4.943873405456543,9,,,,
,78099,4.943873405456543,9,,,,
,78149,4.943873405456543,9,,,,
,78199,4.943873405456543,9,,,,
,78249,4.943873405456543,9,,,,
,78299,4.943873405456543,9,,,,
,78349,4.943873405456543,9,,,,
,78399,4.943873405456543,9,,,,
,78449,4.943873405456543,9,,,,
,78499,4.943873405456543,9,,,,
,78549,4.943873405456543,9,,,,
,78599,4.943873405456543,9,,,,
,78649,4.943873405456543,9,,,,
,78699,4.943873405456543,9,,,,
,78749,4.943873405456543,9,,,,
,78799,4.943873405456543,9,,,,
,78849,4.943873405456543,9,,,,
,78899,4.943873405456543,9,,,,
,78949,4.943873405456543,9,,,,
,78999,4.943873405456543,9,,,,
,79049,4.943873405456543,9,,,,
,79099,4.943873405456543,9,,,,
,79149,4.943873405456543,9,,,,
,79199,4.943873405456543,9,,,,
,79249,4.943873405456543,9,,,,
,79299,4.943873405456543,9,,,,
,79349,4.943873405456543,9,,,,
,79379,,9,4.963232517242432,0.854282796382904,0.8542827808741567,0.8542827808741567
0.0001,79380,,,,,,
,79399,4.943873405456543,10,,,,
,79449,4.943873405456543,10,,,,
,79499,4.943873405456543,10,,,,
,79549,4.943873405456543,10,,,,
,79599,4.943873405456543,10,,,,
,79649,4.943873405456543,10,,,,
,79699,4.943873405456543,10,,,,
,79749,4.943873405456543,10,,,,
,79799,4.943873405456543,10,,,,
,79849,4.943873405456543,10,,,,
,79899,4.943873405456543,10,,,,
,79949,4.943873405456543,10,,,,
,79999,4.943873405456543,10,,,,
,80049,4.943873405456543,10,,,,
,80099,4.943873405456543,10,,,,
,80149,4.943873405456543,10,,,,
,80199,4.943873405456543,10,,,,
,80249,4.943873405456543,10,,,,
,80299,4.943873405456543,10,,,,
,80349,4.943873405456543,10,,,,
,80399,4.943873405456543,10,,,,
,80449,4.943873405456543,10,,,,
,80499,4.943873405456543,10,,,,
,80549,4.943873405456543,10,,,,
,80599,4.943873405456543,10,,,,
,80649,4.943873405456543,10,,,,
,80699,4.943873405456543,10,,,,
,80749,4.943873405456543,10,,,,
,80799,4.943873405456543,10,,,,
,80849,4.943873405456543,10,,,,
,80899,4.943873405456543,10,,,,
,80949,4.943873405456543,10,,,,
,80999,4.943873405456543,10,,,,
,81049,4.943873405456543,10,,,,
,81099,4.943873405456543,10,,,,
,81149,4.943873405456543,10,,,,
,81199,4.943873405456543,10,,,,
,81249,4.943873405456543,10,,,,
,81299,4.943873405456543,10,,,,
,81349,4.943873405456543,10,,,,
,81399,4.943873405456543,10,,,,
,81449,4.943873405456543,10,,,,
,81499,4.943873405456543,10,,,,
,81549,4.943873405456543,10,,,,
,81599,4.943873405456543,10,,,,
,81649,4.943873405456543,10,,,,
,81699,4.943873405456543,10,,,,
,81749,4.943873405456543,10,,,,
,81799,4.943873405456543,10,,,,
,81849,4.943873405456543,10,,,,
,81899,4.943873405456543,10,,,,
,81949,4.943873405456543,10,,,,
,81999,4.943873405456543,10,,,,
,82049,4.943873405456543,10,,,,
,82099,4.943873405456543,10,,,,
,82149,4.943873405456543,10,,,,
,82199,4.943873405456543,10,,,,
,82249,4.943873405456543,10,,,,
,82299,4.943873405456543,10,,,,
,82349,4.943873405456543,10,,,,
,82399,4.943873405456543,10,,,,
,82449,4.943873405456543,10,,,,
,82499,4.943873405456543,10,,,,
,82549,4.943873405456543,10,,,,
,82599,4.943873405456543,10,,,,
,82649,4.943873405456543,10,,,,
,82699,4.943873405456543,10,,,,
,82749,4.943873405456543,10,,,,
,82799,4.943873405456543,10,,,,
,82849,4.943873405456543,10,,,,
,82899,4.943873405456543,10,,,,
,82949,4.943873405456543,10,,,,
,82999,4.943873405456543,10,,,,
,83049,4.943873405456543,10,,,,
,83099,4.943873405456543,10,,,,
,83149,4.943873405456543,10,,,,
,83199,4.943873405456543,10,,,,
,83249,4.943873405456543,10,,,,
,83299,4.943873405456543,10,,,,
,83349,4.943873405456543,10,,,,
,83399,4.943873405456543,10,,,,
,83449,4.943873405456543,10,,,,
,83499,4.943873405456543,10,,,,
,83549,4.943873405456543,10,,,,
,83599,4.943873405456543,10,,,,
,83649,4.943873405456543,10,,,,
,83699,4.943873405456543,10,,,,
,83749,4.943873405456543,10,,,,
,83799,4.943873405456543,10,,,,
,83849,4.943873405456543,10,,,,
,83899,4.943873405456543,10,,,,
,83949,4.943873405456543,10,,,,
,83999,4.943873405456543,10,,,,
,84049,4.943873405456543,10,,,,
,84099,4.943873405456543,10,,,,
,84149,4.943873405456543,10,,,,
,84199,4.943873405456543,10,,,,
,84249,4.943873405456543,10,,,,
,84299,4.943873405456543,10,,,,
,84349,4.943873405456543,10,,,,
,84399,4.943873405456543,10,,,,
,84449,4.943873405456543,10,,,,
,84499,4.943873405456543,10,,,,
,84549,4.943873405456543,10,,,,
,84599,4.943873405456543,10,,,,
,84649,4.943873405456543,10,,,,
,84699,4.943873405456543,10,,,,
,84749,4.943873405456543,10,,,,
,84799,4.943873405456543,10,,,,
,84849,4.943873405456543,10,,,,
,84899,4.943873405456543,10,,,,
,84949,4.943873405456543,10,,,,
,84999,4.943873405456543,10,,,,
,85049,4.943873405456543,10,,,,
,85099,4.943873405456543,10,,,,
,85149,4.943873405456543,10,,,,
,85199,4.943873405456543,10,,,,
,85249,4.943873405456543,10,,,,
,85299,4.943873405456543,10,,,,
,85349,4.943873405456543,10,,,,
,85399,4.943873405456543,10,,,,
,85449,4.943873405456543,10,,,,
,85499,4.943873405456543,10,,,,
,85549,4.943873405456543,10,,,,
,85599,4.943873405456543,10,,,,
,85649,4.943873405456543,10,,,,
,85699,4.943873405456543,10,,,,
,85749,4.943873405456543,10,,,,
,85799,4.943873405456543,10,,,,
,85849,4.943873405456543,10,,,,
,85899,4.943873405456543,10,,,,
,85949,4.943873405456543,10,,,,
,85999,4.943873405456543,10,,,,
,86049,4.943873405456543,10,,,,
,86099,4.943873405456543,10,,,,
,86149,4.943873405456543,10,,,,
,86199,4.943873405456543,10,,,,
,86249,4.943873405456543,10,,,,
,86299,4.943873405456543,10,,,,
,86349,4.943873405456543,10,,,,
,86399,4.943873405456543,10,,,,
,86449,4.943873405456543,10,,,,
,86499,4.943873405456543,10,,,,
,86549,4.943873405456543,10,,,,
,86599,4.943873405456543,10,,,,
,86649,4.943873405456543,10,,,,
,86699,4.943873405456543,10,,,,
,86749,4.943873405456543,10,,,,
,86799,4.943873405456543,10,,,,
,86849,4.943873405456543,10,,,,
,86899,4.943873405456543,10,,,,
,86949,4.943873405456543,10,,,,
,86999,4.943873405456543,10,,,,
,87049,4.943873405456543,10,,,,
,87099,4.943873405456543,10,,,,
,87149,4.943873405456543,10,,,,
,87199,4.943873405456543,10,,,,
,87249,4.943873405456543,10,,,,
,87299,4.943873405456543,10,,,,
,87317,,10,4.983663558959961,0.14571721851825714,1.0,0.0
0.0001,87318,,,,,,
,87349,4.943873405456543,11,,,,
,87399,4.943873405456543,11,,,,
,87449,4.943873405456543,11,,,,
,87499,4.943873405456543,11,,,,
,87549,4.943873405456543,11,,,,
,87599,4.943873405456543,11,,,,
,87649,4.943873405456543,11,,,,
,87699,4.943873405456543,11,,,,
,87749,4.943873405456543,11,,,,
,87799,4.943873405456543,11,,,,
,87849,4.943873405456543,11,,,,
,87899,4.943873405456543,11,,,,
,87949,4.943873405456543,11,,,,
,87999,4.943873405456543,11,,,,
,88049,4.943873405456543,11,,,,
,88099,4.943873405456543,11,,,,
,88149,4.943873405456543,11,,,,
,88199,4.943873405456543,11,,,,
,88249,4.943873405456543,11,,,,
,88299,4.943873405456543,11,,,,
,88349,4.943873405456543,11,,,,
,88399,4.943873405456543,11,,,,
,88449,4.943873405456543,11,,,,
,88499,4.943873405456543,11,,,,
,88549,4.943873405456543,11,,,,
,88599,4.943873405456543,11,,,,
,88649,4.943873405456543,11,,,,
,88699,4.943873405456543,11,,,,
,88749,4.943873405456543,11,,,,
,88799,4.943873405456543,11,,,,
,88849,4.943873405456543,11,,,,
,88899,4.943873405456543,11,,,,
,88949,4.943873405456543,11,,,,
,88999,4.943873405456543,11,,,,
,89049,4.943873405456543,11,,,,
,89099,4.943873405456543,11,,,,
,89149,4.943873405456543,11,,,,
,89199,4.943873405456543,11,,,,
,89249,4.943873405456543,11,,,,
,89299,4.943873405456543,11,,,,
,89349,4.943873405456543,11,,,,
,89399,4.943873405456543,11,,,,
,89449,4.943873405456543,11,,,,
,89499,4.943873405456543,11,,,,
,89549,4.943873405456543,11,,,,
,89599,4.943873405456543,11,,,,
,89649,4.943873405456543,11,,,,
,89699,4.943873405456543,11,,,,
,89749,4.943873405456543,11,,,,
,89799,4.943873405456543,11,,,,
,89849,4.943873405456543,11,,,,
,89899,4.943873405456543,11,,,,
,89949,4.943873405456543,11,,,,
,89999,4.943873405456543,11,,,,
,90049,4.943873405456543,11,,,,
,90099,4.943873405456543,11,,,,
,90149,4.943873405456543,11,,,,
,90199,4.943873405456543,11,,,,
,90249,4.943873405456543,11,,,,
,90299,4.943873405456543,11,,,,
,90349,4.943873405456543,11,,,,
,90399,4.943873405456543,11,,,,
,90449,4.943873405456543,11,,,,
,90499,4.943873405456543,11,,,,
,90549,4.943873405456543,11,,,,
,90599,4.943873405456543,11,,,,
,90649,4.943873405456543,11,,,,
,90699,4.943873405456543,11,,,,
,90749,4.943873405456543,11,,,,
,90799,4.943873405456543,11,,,,
,90849,4.943873405456543,11,,,,
,90899,4.943873405456543,11,,,,
,90949,4.943873405456543,11,,,,
,90999,4.943873405456543,11,,,,
,91049,4.943873405456543,11,,,,
,91099,4.943873405456543,11,,,,
,91149,4.943873405456543,11,,,,
,91199,4.943873405456543,11,,,,
,91249,4.943873405456543,11,,,,
,91299,4.943873405456543,11,,,,
,91349,4.943873405456543,11,,,,
,91399,4.943873405456543,11,,,,
,91449,4.943873405456543,11,,,,
,91499,4.943873405456543,11,,,,
,91549,4.943873405456543,11,,,,
,91599,4.943873405456543,11,,,,
,91649,4.943873405456543,11,,,,
,91699,4.943873405456543,11,,,,
,91749,4.943873405456543,11,,,,
,91799,4.943873405456543,11,,,,
,91849,4.943873405456543,11,,,,
,91899,4.943873405456543,11,,,,
,91949,4.943873405456543,11,,,,
,91999,4.943873405456543,11,,,,
,92049,4.943873405456543,11,,,,
,92099,4.943873405456543,11,,,,
,92149,4.943873405456543,11,,,,
,92199,4.943873405456543,11,,,,
,92249,4.943873405456543,11,,,,
,92299,4.943873405456543,11,,,,
,92349,4.943873405456543,11,,,,
,92399,4.943873405456543,11,,,,
,92449,4.943873405456543,11,,,,
,92499,4.943873405456543,11,,,,
,92549,4.943873405456543,11,,,,
,92599,4.943873405456543,11,,,,
,92649,4.943873405456543,11,,,,
,92699,4.943873405456543,11,,,,
,92749,4.943873405456543,11,,,,
,92799,4.943873405456543,11,,,,
,92849,4.943873405456543,11,,,,
,92899,4.943873405456543,11,,,,
,92949,4.943873405456543,11,,,,
,92999,4.943873405456543,11,,,,
,93049,4.943873405456543,11,,,,
,93099,4.943873405456543,11,,,,
,93149,4.943873405456543,11,,,,
,93199,4.943873405456543,11,,,,
,93249,4.943873405456543,11,,,,
,93299,4.943873405456543,11,,,,
,93349,4.943873405456543,11,,,,
,93399,4.943873405456543,11,,,,
,93449,4.943873405456543,11,,,,
,93499,4.943873405456543,11,,,,
,93549,4.943873405456543,11,,,,
,93599,4.943873405456543,11,,,,
,93649,4.943873405456543,11,,,,
,93699,4.943873405456543,11,,,,
,93749,4.943873405456543,11,,,,
,93799,4.943873405456543,11,,,,
,93849,4.943873405456543,11,,,,
,93899,4.943873405456543,11,,,,
,93949,4.943873405456543,11,,,,
,93999,4.943873405456543,11,,,,
,94049,4.943873405456543,11,,,,
,94099,4.943873405456543,11,,,,
,94149,4.943873405456543,11,,,,
,94199,4.943873405456543,11,,,,
,94249,4.943873405456543,11,,,,
,94299,4.943873405456543,11,,,,
,94349,4.943873405456543,11,,,,
,94399,4.943873405456543,11,,,,
,94449,4.943873405456543,11,,,,
,94499,4.943873405456543,11,,,,
,94549,4.943873405456543,11,,,,
,94599,4.943873405456543,11,,,,
,94649,4.943873405456543,11,,,,
,94699,4.943873405456543,11,,,,
,94749,4.943873405456543,11,,,,
,94799,4.943873405456543,11,,,,
,94849,4.943873405456543,11,,,,
,94899,4.943873405456543,11,,,,
,94949,4.943873405456543,11,,,,
,94999,4.943873405456543,11,,,,
,95049,4.943873405456543,11,,,,
,95099,4.943873405456543,11,,,,
,95149,4.943873405456543,11,,,,
,95199,4.943873405456543,11,,,,
,95249,4.943873405456543,11,,,,
,95255,,11,5.022463321685791,0.14571721851825714,1.0,0.0
0.0001,95256,,,,,,
,95299,4.943873405456543,12,,,,
,95349,4.943873405456543,12,,,,
,95399,4.943873405456543,12,,,,
,95449,4.943873405456543,12,,,,
,95499,4.943873405456543,12,,,,
,95549,4.943873405456543,12,,,,
,95599,4.943873405456543,12,,,,
,95649,4.943873405456543,12,,,,
,95699,4.943873405456543,12,,,,
,95749,4.943873405456543,12,,,,
,95799,4.943873405456543,12,,,,
,95849,4.943873405456543,12,,,,
,95899,4.943873405456543,12,,,,
,95949,4.943873405456543,12,,,,
,95999,4.943873405456543,12,,,,
,96049,4.943873405456543,12,,,,
,96099,4.943873405456543,12,,,,
,96149,4.943873405456543,12,,,,
,96199,4.943873405456543,12,,,,
,96249,4.943873405456543,12,,,,
,96299,4.943873405456543,12,,,,
,96349,4.943873405456543,12,,,,
,96399,4.943873405456543,12,,,,
,96449,4.943873405456543,12,,,,
,96499,4.943873405456543,12,,,,
,96549,4.943873405456543,12,,,,
,96599,4.943873405456543,12,,,,
,96649,4.943873405456543,12,,,,
,96699,4.943873405456543,12,,,,
,96749,4.943873405456543,12,,,,
,96799,4.943873405456543,12,,,,
,96849,4.943873405456543,12,,,,
,96899,4.943873405456543,12,,,,
,96949,4.943873405456543,12,,,,
,96999,4.943873405456543,12,,,,
,97049,4.943873405456543,12,,,,
,97099,4.943873405456543,12,,,,
,97149,4.943873405456543,12,,,,
,97199,4.943873405456543,12,,,,
,97249,4.943873405456543,12,,,,
,97299,4.943873405456543,12,,,,
,97349,4.943873405456543,12,,,,
,97399,4.943873405456543,12,,,,
,97449,4.943873405456543,12,,,,
,97499,4.943873405456543,12,,,,
,97549,4.943873405456543,12,,,,
,97599,4.943873405456543,12,,,,
,97649,4.943873405456543,12,,,,
,97699,4.943873405456543,12,,,,
,97749,4.943873405456543,12,,,,
,97799,4.943873405456543,12,,,,
,97849,4.943873405456543,12,,,,
,97899,4.943873405456543,12,,,,
,97949,4.943873405456543,12,,,,
,97999,4.943873405456543,12,,,,
,98049,4.943873405456543,12,,,,
,98099,4.943873405456543,12,,,,
,98149,4.943873405456543,12,,,,
,98199,4.943873405456543,12,,,,
,98249,4.943873405456543,12,,,,
,98299,4.943873405456543,12,,,,
,98349,4.943873405456543,12,,,,
,98399,4.943873405456543,12,,,,
,98449,4.943873405456543,12,,,,
,98499,4.943873405456543,12,,,,
,98549,4.943873405456543,12,,,,
,98599,4.943873405456543,12,,,,
,98649,4.943873405456543,12,,,,
,98699,4.943873405456543,12,,,,
,98749,4.943873405456543,12,,,,
,98799,4.943873405456543,12,,,,
,98849,4.943873405456543,12,,,,
,98899,4.943873405456543,12,,,,
,98949,4.943873405456543,12,,,,
,98999,4.943873405456543,12,,,,
,99049,4.943873405456543,12,,,,
,99099,4.943873405456543,12,,,,
,99149,4.943873405456543,12,,,,
,99199,4.943873405456543,12,,,,
,99249,4.943873405456543,12,,,,
,99299,4.943873405456543,12,,,,
,99349,4.943873405456543,12,,,,
,99399,4.943873405456543,12,,,,
,99449,4.943873405456543,12,,,,
,99499,4.943873405456543,12,,,,
,99549,4.943873405456543,12,,,,
,99599,4.943873405456543,12,,,,
,99649,4.943873405456543,12,,,,
,99699,4.943873405456543,12,,,,
,99749,4.943873405456543,12,,,,
,99799,4.943873405456543,12,,,,
,99849,4.943873405456543,12,,,,
,99899,4.943873405456543,12,,,,
,99949,4.943873405456543,12,,,,
,99999,4.943873405456543,12,,,,
,100049,4.943873405456543,12,,,,
,100099,4.943873405456543,12,,,,
,100149,4.943873405456543,12,,,,
,100199,4.943873405456543,12,,,,
,100249,4.943873405456543,12,,,,
,100299,4.943873405456543,12,,,,
,100349,4.943873405456543,12,,,,
,100399,4.943873405456543,12,,,,
,100449,4.943873405456543,12,,,,
,100499,4.943873405456543,12,,,,
,100549,4.943873405456543,12,,,,
,100599,4.943873405456543,12,,,,
,100649,4.943873405456543,12,,,,
,100699,4.943873405456543,12,,,,
,100749,4.943873405456543,12,,,,
,100799,4.943873405456543,12,,,,
,100849,4.943873405456543,12,,,,
,100899,4.943873405456543,12,,,,
,100949,4.943873405456543,12,,,,
,100999,4.943873405456543,12,,,,
,101049,4.943873405456543,12,,,,
,101099,4.943873405456543,12,,,,
,101149,4.943873405456543,12,,,,
,101199,4.943873405456543,12,,,,
,101249,4.943873405456543,12,,,,
,101299,4.943873405456543,12,,,,
,101349,4.943873405456543,12,,,,
,101399,4.943873405456543,12,,,,
,101449,4.943873405456543,12,,,,
,101499,4.943873405456543,12,,,,
,101549,4.943873405456543,12,,,,
,101599,4.943873405456543,12,,,,
,101649,4.943873405456543,12,,,,
,101699,4.943873405456543,12,,,,
,101749,4.943873405456543,12,,,,
,101799,4.943873405456543,12,,,,
,101849,4.943873405456543,12,,,,
,101899,4.943873405456543,12,,,,
,101949,4.943873405456543,12,,,,
,101999,4.943873405456543,12,,,,
,102049,4.943873405456543,12,,,,
,102099,4.943873405456543,12,,,,
,102149,4.943873405456543,12,,,,
,102199,4.943873405456543,12,,,,
,102249,4.943873405456543,12,,,,
,102299,4.943873405456543,12,,,,
,102349,4.943873405456543,12,,,,
,102399,4.943873405456543,12,,,,
,102449,4.943873405456543,12,,,,
,102499,4.943873405456543,12,,,,
,102549,4.943873405456543,12,,,,
,102599,4.943873405456543,12,,,,
,102649,4.943873405456543,12,,,,
,102699,4.943873405456543,12,,,,
,102749,4.943873405456543,12,,,,
,102799,4.943873405456543,12,,,,
,102849,4.943873405456543,12,,,,
,102899,4.943873405456543,12,,,,
,102949,4.943873405456543,12,,,,
,102999,4.943873405456543,12,,,,
,103049,4.943873405456543,12,,,,
,103099,4.943873405456543,12,,,,
,103149,4.943873405456543,12,,,,
,103193,,12,7.909048080444336,0.0,0.0,0.8542827808741567
0.0001,103194,,,,,,
,103199,4.943873405456543,13,,,,
,103249,4.943873405456543,13,,,,
,103299,4.943873405456543,13,,,,
,103349,4.943873405456543,13,,,,
,103399,4.943873405456543,13,,,,
,103449,4.943873405456543,13,,,,
,103499,4.943873405456543,13,,,,
,103549,4.943873405456543,13,,,,
,103599,4.943873405456543,13,,,,
,103649,4.943873405456543,13,,,,
,103699,4.943873405456543,13,,,,
,103749,4.943873405456543,13,,,,
,103799,4.943873405456543,13,,,,
,103849,4.943873405456543,13,,,,
,103899,4.943873405456543,13,,,,
,103949,4.943873405456543,13,,,,
,103999,4.943873405456543,13,,,,
,104049,4.943873405456543,13,,,,
,104099,4.943873405456543,13,,,,
,104149,4.943873405456543,13,,,,
,104199,4.943873405456543,13,,,,
,104249,4.943873405456543,13,,,,
,104299,4.943873405456543,13,,,,
,104349,4.943873405456543,13,,,,
,104399,4.943873405456543,13,,,,
,104449,4.943873405456543,13,,,,
,104499,4.943873405456543,13,,,,
,104549,4.943873405456543,13,,,,
,104599,4.943873405456543,13,,,,
,104649,4.943873405456543,13,,,,
,104699,4.943873405456543,13,,,,
,104749,4.943873405456543,13,,,,
,104799,4.943873405456543,13,,,,
,104849,4.943873405456543,13,,,,
,104899,4.943873405456543,13,,,,
,104949,4.943873405456543,13,,,,
,104999,4.943873405456543,13,,,,
,105049,4.943873405456543,13,,,,
,105099,4.943873405456543,13,,,,
,105149,4.943873405456543,13,,,,
,105199,4.943873405456543,13,,,,
,105249,4.943873405456543,13,,,,
,105299,4.943873405456543,13,,,,
,105349,4.943873405456543,13,,,,
,105399,4.943873405456543,13,,,,
,105449,4.943873405456543,13,,,,
,105499,4.943873405456543,13,,,,
,105549,4.943873405456543,13,,,,
,105599,4.943873405456543,13,,,,
,105649,4.943873405456543,13,,,,
,105699,4.943873405456543,13,,,,
,105749,4.943873405456543,13,,,,
,105799,4.943873405456543,13,,,,
,105849,4.943873405456543,13,,,,
,105899,4.943873405456543,13,,,,
,105949,4.943873405456543,13,,,,
,105999,4.943873405456543,13,,,,
,106049,4.943873405456543,13,,,,
,106099,4.943873405456543,13,,,,
,106149,4.943873405456543,13,,,,
,106199,4.943873405456543,13,,,,
,106249,4.943873405456543,13,,,,
,106299,4.943873405456543,13,,,,
,106349,4.943873405456543,13,,,,
,106399,4.943873405456543,13,,,,
,106449,4.943873405456543,13,,,,
,106499,4.943873405456543,13,,,,
,106549,4.943873405456543,13,,,,
,106599,4.943873405456543,13,,,,
,106649,4.943873405456543,13,,,,
,106699,4.943873405456543,13,,,,
,106749,4.943873405456543,13,,,,
,106799,4.943873405456543,13,,,,
,106849,4.943873405456543,13,,,,
,106899,4.943873405456543,13,,,,
,106949,4.943873405456543,13,,,,
,106999,4.943873405456543,13,,,,
,107049,4.943873405456543,13,,,,
,107099,4.943873405456543,13,,,,
,107149,4.943873405456543,13,,,,
,107199,4.943873405456543,13,,,,
,107249,4.943873405456543,13,,,,
,107299,4.943873405456543,13,,,,
,107349,4.943873405456543,13,,,,
,107399,4.943873405456543,13,,,,
,107449,4.943873405456543,13,,,,
,107499,4.943873405456543,13,,,,
,107549,4.943873405456543,13,,,,
,107599,4.943873405456543,13,,,,
,107649,4.943873405456543,13,,,,
,107699,4.943873405456543,13,,,,
,107749,4.943873405456543,13,,,,
,107799,4.943873405456543,13,,,,
,107849,4.943873405456543,13,,,,
,107899,4.943873405456543,13,,,,
,107949,4.943873405456543,13,,,,
,107999,4.943873405456543,13,,,,
,108049,4.943873405456543,13,,,,
,108099,4.943873405456543,13,,,,
,108149,4.943873405456543,13,,,,
,108199,4.943873405456543,13,,,,
,108249,4.943873405456543,13,,,,
,108299,4.943873405456543,13,,,,
,108349,4.943873405456543,13,,,,
,108399,4.943873405456543,13,,,,
,108449,4.943873405456543,13,,,,
,108499,4.943873405456543,13,,,,
,108549,4.943873405456543,13,,,,
,108599,4.943873405456543,13,,,,
,108649,4.943873405456543,13,,,,
,108699,4.943873405456543,13,,,,
,108749,4.943873405456543,13,,,,
,108799,4.943873405456543,13,,,,
,108849,4.943873405456543,13,,,,
,108899,4.943873405456543,13,,,,
,108949,4.943873405456543,13,,,,
,108999,4.943873405456543,13,,,,
,109049,4.943873405456543,13,,,,
,109099,4.943873405456543,13,,,,
,109149,4.943873405456543,13,,,,
,109199,4.943873405456543,13,,,,
,109249,4.943873405456543,13,,,,
,109299,4.943873405456543,13,,,,
,109349,4.943873405456543,13,,,,
,109399,4.943873405456543,13,,,,
,109449,4.943873405456543,13,,,,
,109499,4.943873405456543,13,,,,
,109549,4.943873405456543,13,,,,
,109599,4.943873405456543,13,,,,
,109649,4.943873405456543,13,,,,
,109699,4.943873405456543,13,,,,
,109749,4.943873405456543,13,,,,
,109799,4.943873405456543,13,,,,
,109849,4.943873405456543,13,,,,
,109899,4.943873405456543,13,,,,
,109949,4.943873405456543,13,,,,
,109999,4.943873405456543,13,,,,
,110049,4.943873405456543,13,,,,
,110099,4.943873405456543,13,,,,
,110149,4.943873405456543,13,,,,
,110199,4.943873405456543,13,,,,
,110249,4.943873405456543,13,,,,
,110299,4.943873405456543,13,,,,
,110349,4.943873405456543,13,,,,
,110399,4.943873405456543,13,,,,
,110449,4.943873405456543,13,,,,
,110499,4.943873405456543,13,,,,
,110549,4.943873405456543,13,,,,
,110599,4.943873405456543,13,,,,
,110649,4.943873405456543,13,,,,
,110699,4.943873405456543,13,,,,
,110749,4.943873405456543,13,,,,
,110799,4.943873405456543,13,,,,
,110849,4.943873405456543,13,,,,
,110899,4.943873405456543,13,,,,
,110949,4.943873405456543,13,,,,
,110999,4.943873405456543,13,,,,
,111049,4.943873405456543,13,,,,
,111099,4.943873405456543,13,,,,
,111131,,13,4.951570987701416,0.854282796382904,0.8542827808741567,0.8542827808741567
0.0001,111132,,,,,,
,111149,4.943873405456543,14,,,,
,111199,4.943873405456543,14,,,,
,111249,4.943873405456543,14,,,,
,111299,4.943873405456543,14,,,,
,111349,4.943873405456543,14,,,,
,111399,4.943873405456543,14,,,,
,111449,4.943873405456543,14,,,,
,111499,4.943873405456543,14,,,,
,111549,4.943873405456543,14,,,,
,111599,4.943873405456543,14,,,,
,111649,4.943873405456543,14,,,,
,111699,4.943873405456543,14,,,,
,111749,4.943873405456543,14,,,,
,111799,4.943873405456543,14,,,,
,111849,4.943873405456543,14,,,,
,111899,4.943873405456543,14,,,,
,111949,4.943873405456543,14,,,,
,111999,4.943873405456543,14,,,,
,112049,4.943873405456543,14,,,,
,112099,4.943873405456543,14,,,,
,112149,4.943873405456543,14,,,,
,112199,4.943873405456543,14,,,,
,112249,4.943873405456543,14,,,,
,112299,4.943873405456543,14,,,,
,112349,4.943873405456543,14,,,,
,112399,4.943873405456543,14,,,,
,112449,4.943873405456543,14,,,,
,112499,4.943873405456543,14,,,,
,112549,4.943873405456543,14,,,,
,112599,4.943873405456543,14,,,,
,112649,4.943873405456543,14,,,,
,112699,4.943873405456543,14,,,,
,112749,4.943873405456543,14,,,,
,112799,4.943873405456543,14,,,,
,112849,4.943873405456543,14,,,,
,112899,4.943873405456543,14,,,,
,112949,4.943873405456543,14,,,,
,112999,4.943873405456543,14,,,,
,113049,4.943873405456543,14,,,,
,113099,4.943873405456543,14,,,,
,113149,4.943873405456543,14,,,,
,113199,4.943873405456543,14,,,,
,113249,4.943873405456543,14,,,,
,113299,4.943873405456543,14,,,,
,113349,4.943873405456543,14,,,,
,113399,4.943873405456543,14,,,,
,113449,4.943873405456543,14,,,,
,113499,4.943873405456543,14,,,,
,113549,4.943873405456543,14,,,,
,113599,4.943873405456543,14,,,,
,113649,4.943873405456543,14,,,,
,113699,4.943873405456543,14,,,,
,113749,4.943873405456543,14,,,,
,113799,4.943873405456543,14,,,,
,113849,4.943873405456543,14,,,,
,113899,4.943873405456543,14,,,,
,113949,4.943873405456543,14,,,,
,113999,4.943873405456543,14,,,,
,114049,4.943873405456543,14,,,,
,114099,4.943873405456543,14,,,,
,114149,4.943873405456543,14,,,,
,114199,4.943873405456543,14,,,,
,114249,4.943873405456543,14,,,,
,114299,4.943873405456543,14,,,,
,114349,4.943873405456543,14,,,,
,114399,4.943873405456543,14,,,,
,114449,4.943873405456543,14,,,,
,114499,4.943873405456543,14,,,,
,114549,4.943873405456543,14,,,,
,114599,4.943873405456543,14,,,,
,114649,4.943873405456543,14,,,,
,114699,4.943873405456543,14,,,,
,114749,4.943873405456543,14,,,,
,114799,4.943873405456543,14,,,,
,114849,4.943873405456543,14,,,,
,114899,4.943873405456543,14,,,,
,114949,4.943873405456543,14,,,,
,114999,4.943873405456543,14,,,,
,115049,4.943873405456543,14,,,,
,115099,4.943873405456543,14,,,,
,115149,4.943873405456543,14,,,,
,115199,4.943873405456543,14,,,,
,115249,4.943873405456543,14,,,,
,115299,4.943873405456543,14,,,,
,115349,4.943873405456543,14,,,,
,115399,4.943873405456543,14,,,,
,115449,4.943873405456543,14,,,,
,115499,4.943873405456543,14,,,,
,115549,4.943873405456543,14,,,,
,115599,4.943873405456543,14,,,,
,115649,4.943873405456543,14,,,,
,115699,4.943873405456543,14,,,,
,115749,4.943873405456543,14,,,,
,115799,4.943873405456543,14,,,,
,115849,4.943873405456543,14,,,,
,115899,4.943873405456543,14,,,,
,115949,4.943873405456543,14,,,,
,115999,4.943873405456543,14,,,,
,116049,4.943873405456543,14,,,,
,116099,4.943873405456543,14,,,,
,116149,4.943873405456543,14,,,,
,116199,4.943873405456543,14,,,,
,116249,4.943873405456543,14,,,,
,116299,4.943873405456543,14,,,,
,116349,4.943873405456543,14,,,,
,116399,4.943873405456543,14,,,,
,116449,4.943873405456543,14,,,,
,116499,4.943873405456543,14,,,,
,116549,4.943873405456543,14,,,,
,116599,4.943873405456543,14,,,,
,116649,4.943873405456543,14,,,,
,116699,4.943873405456543,14,,,,
,116749,4.943873405456543,14,,,,
,116799,4.943873405456543,14,,,,
,116849,4.943873405456543,14,,,,
,116899,4.943873405456543,14,,,,
,116949,4.943873405456543,14,,,,
,116999,4.943873405456543,14,,,,
,117049,4.943873405456543,14,,,,
,117099,4.943873405456543,14,,,,
,117149,4.943873405456543,14,,,,
,117199,4.943873405456543,14,,,,
,117249,4.943873405456543,14,,,,
,117299,4.943873405456543,14,,,,
,117349,4.943873405456543,14,,,,
,117399,4.943873405456543,14,,,,
,117449,4.943873405456543,14,,,,
,117499,4.943873405456543,14,,,,
,117549,4.943873405456543,14,,,,
,117599,4.943873405456543,14,,,,
,117649,4.943873405456543,14,,,,
,117699,4.943873405456543,14,,,,
,117749,4.943873405456543,14,,,,
,117799,4.943873405456543,14,,,,
,117849,4.943873405456543,14,,,,
,117899,4.943873405456543,14,,,,
,117949,4.943873405456543,14,,,,
,117999,4.943873405456543,14,,,,
,118049,4.943873405456543,14,,,,
,118099,4.943873405456543,14,,,,
,118149,4.943873405456543,14,,,,
,118199,4.943873405456543,14,,,,
,118249,4.943873405456543,14,,,,
,118299,4.943873405456543,14,,,,
,118349,4.943873405456543,14,,,,
,118399,4.943873405456543,14,,,,
,118449,4.943873405456543,14,,,,
,118499,4.943873405456543,14,,,,
,118549,4.943873405456543,14,,,,
,118599,4.943873405456543,14,,,,
,118649,4.943873405456543,14,,,,
,118699,4.943873405456543,14,,,,
,118749,4.943873405456543,14,,,,
,118799,4.943873405456543,14,,,,
,118849,4.943873405456543,14,,,,
,118899,4.943873405456543,14,,,,
,118949,4.943873405456543,14,,,,
,118999,4.943873405456543,14,,,,
,119049,4.943873405456543,14,,,,
